id_client,nom,email,date_inscription,pays
1,Donald Walker,rhodespatricia@example.org,2024-12-20,Germany
2,Brandon Hall,hoffmanjennifer@example.net,2024-10-27,France
3,Kevin Pacheco,blakeerik@example.com,2024-09-07,Belgium
4,Tyler Rogers,jamesmichael@example.com,2024-01-27,Italy
5,Monica Herrera,smiller@example.net,2024-11-11,Italy
6,Laura Bush,stanleykendra@example.org,2024-11-27,Spain
7,Jamie Chavez,francisco53@example.net,2025-08-13,Germany
8,Maria Lynch,amandasanchez@example.com,2023-11-08,Canada
9,Margaret Hawkins DDS,perezantonio@example.com,2024-03-10,Germany
10,Thomas Bradley,jason76@example.net,2024-04-03,Sweden
11,David Hoffman,julie69@example.com,2024-06-05,France
12,Brenda Snyder PhD,hernandezernest@example.net,2024-02-20,France
13,James Ferrell,tasha01@example.net,2024-04-26,Germany
14,Patricia Peterson,ryan70@example.net,2025-09-14,Italy
15,Jonathan White,harrellkenneth@example.net,2025-09-05,Italy
16,James Martin,georgetracy@example.org,2024-07-28,Canada
17,Sandra Parker,allenashley@example.org,2025-11-02,France
18,Mr. Philip Cannon,donnaarroyo@example.org,2023-04-23,Canada
19,Jenny Lewis,jenniferross@example.net,2023-11-06,Italy
20,Joseph Martinez,calebsmith@example.net,2024-12-31,Canada
21,Benjamin Welch,carlosjohnson@example.com,2023-09-28,Sweden
22,Michael Lewis,jenniferkhan@example.net,2023-04-07,Italy
23,Rhonda Lee,hopkinsmichael@example.com,2024-06-20,UK
24,Megan Joyce,brownjessica@example.org,2024-06-14,Belgium
25,Jerry Henderson,steven17@example.net,2023-10-19,France
26,Kimberly Smith,housemelinda@example.org,2023-05-07,Spain
27,Dr. Steven Martin,gallowayjoseph@example.com,2024-04-09,Sweden
28,Monica Logan,smoore@example.org,2023-11-28,Netherlands
29,Kimberly Adkins,williamsthomas@example.net,2025-12-15,Belgium
30,Angela Lopez,leonardjoe@example.org,2023-07-11,Spain
31,Lauren Williams,barnesbrandy@example.net,2025-11-16,Italy
32,Michael Edwards,randy47@example.com,2024-01-01,Netherlands
33,Alexandra Howell,jonesjason@example.com,2025-11-02,Germany
34,Benjamin Sanchez,eric84@example.net,2023-06-14,Germany
35,Kendra Contreras,sarah12@example.com,2026-01-01,Sweden
36,Juan Nelson,jenniferharris@example.net,2023-05-26,Germany
37,Danielle Odonnell,davisrodney@example.com,2025-08-10,Netherlands
38,Carlos Whitney,joycearnold@example.com,2023-03-09,Netherlands
39,Tony Vazquez,amydavenport@example.net,2024-09-25,Belgium
40,Andrew Diaz,nolanjason@example.org,2024-09-16,France
41,Justin Baxter,sarayoung@example.org,2025-01-19,UK
42,Sierra Johnson,kimberly63@example.com,2025-12-23,Canada
43,Janet Williams,dwalker@example.com,2023-07-13,Germany
44,Crystal Johnson,raymondramirez@example.org,2023-12-20,Sweden
45,Martin Ross,sheila14@example.org,2025-12-13,Germany
46,Mrs. Linda Reed,samuel81@example.com,2024-10-16,Canada
47,Andrew Graham,michaeljones@example.net,2025-09-30,Belgium
48,Mary Martinez,william65@example.com,2025-10-24,Netherlands
49,Cheryl Ortega,lbyrd@example.net,2025-02-21,Italy
50,Roy Torres,russellcarpenter@example.net,2024-10-04,Germany
51,Michael Dixon,donnacampbell@example.net,2024-01-07,France
52,Robert Potter,jeffrey32@example.org,2024-12-13,Italy
53,Miss Patricia Gibson,jennifercruz@example.com,2023-03-11,Belgium
54,Abigail Potter,osbornejeffery@example.net,2023-10-14,Germany
55,David Charles,danderson@example.net,2024-08-09,Italy
56,Emily Fischer,usalazar@example.net,2024-08-23,Germany
57,Jill Moore,wcole@example.org,2024-05-01,Sweden
58,Richard Washington,joshuajones@example.com,2025-07-27,Belgium
59,Steven Miller,jessebenson@example.net,2023-10-03,UK
60,Gary Owens,clarkrobert@example.net,2023-09-11,Netherlands
61,Spencer Johnston,wsmith@example.com,2025-11-20,Spain
62,Tiffany Barnes,tracynelson@example.com,2025-04-24,Netherlands
63,Michael Powell,marycalhoun@example.net,2023-02-20,Netherlands
64,Leslie Alvarado,dayderek@example.com,2024-08-26,Italy
65,Garrett Gibson,kathleen64@example.com,2023-08-06,Belgium
66,Alec Ryan,jeffrey10@example.org,2023-10-23,Germany
67,Alex Hernandez,thomaswilson@example.org,2025-11-24,Spain
68,Jacob Obrien,stricklandfrank@example.com,2024-06-12,Canada
69,Eric Byrd,tsanders@example.org,2023-05-18,Italy
70,Lori Garcia,melissa91@example.net,2023-04-13,Spain
71,Jeffrey Wood,alexander67@example.org,2025-05-25,UK
72,Steven Stevens,ryangross@example.net,2024-05-08,Sweden
73,Kimberly Webb,lpetersen@example.com,2023-11-11,Belgium
74,Timothy Ramirez,dsanchez@example.net,2024-01-07,Canada
75,Allen Rosales,tonykelly@example.com,2024-11-18,Italy
76,Meredith Hill,blackjames@example.org,2024-01-27,Netherlands
77,Peter Vaughn DDS,bwest@example.org,2025-03-18,France
78,David Beck,thomas85@example.com,2023-12-08,Italy
79,Heather Chavez,john13@example.com,2026-01-15,France
80,Pamela Lopez,joannahill@example.net,2023-05-30,Netherlands
81,Diane Garcia,kennethward@example.com,2025-12-24,Sweden
82,Denise Mccann,heidi27@example.org,2023-02-04,Belgium
83,Julie Alexander,tammyking@example.com,2025-09-01,Germany
84,John Ray,hernandezlisa@example.com,2023-05-24,Italy
85,Justin Butler,kimberlyjames@example.com,2023-04-23,Netherlands
86,Jessica Carroll,lynchjody@example.org,2023-12-11,Italy
87,Brad Allen,moorericky@example.net,2024-12-04,UK
88,David Mann,ojones@example.com,2024-10-31,Sweden
89,Mary Peck,owilson@example.net,2025-05-31,UK
90,Charles Brown,brooke94@example.com,2023-07-02,Spain
91,Melissa Bender,mkim@example.org,2023-06-05,Belgium
92,Lindsey Johnson,suzannehuff@example.net,2025-09-19,Spain
93,Phillip Underwood,hinesgregory@example.net,2024-10-23,Italy
94,Catherine Richards,ecosta@example.com,2025-01-02,Canada
95,Brian Martin,ssteele@example.net,2024-04-11,Canada
96,Krista Gibson,johnny16@example.net,2025-11-19,Belgium
97,Sean Murray,lopezmichael@example.com,2025-07-11,Sweden
98,Christina Dunn,samuel71@example.org,2024-12-04,Sweden
99,Cynthia Moore,tranchristopher@example.org,2025-12-20,Netherlands
100,Ronnie Jimenez,william46@example.com,2024-06-08,Italy
101,Juan Reyes,michellehill@example.com,2025-12-28,Spain
102,Debra Smith,mary97@example.org,2024-01-27,Canada
103,Mr. Phillip Bennett,molly39@example.com,2024-05-22,UK
104,Amanda Garner,qhughes@example.net,2023-10-02,Germany
105,Andrew Shaw MD,sawyerscott@example.net,2025-12-28,France
106,Charles Pitts,charlesharrington@example.com,2025-10-12,Germany
107,Marie Christian,ofinley@example.net,2024-01-25,Spain
108,Joshua Williamson II,wendy16@example.org,2025-09-17,Spain
109,Ashlee Jackson,rebecca05@example.org,2025-05-01,Sweden
110,Charles Schmidt,georgemiller@example.com,2023-12-07,Germany
111,Thomas Thomas,dlittle@example.com,2024-11-28,Sweden
112,Julie Roberts,charleslandry@example.net,2025-01-19,Sweden
113,Melissa Bryant,james67@example.org,2023-12-13,UK
114,Laura Haney,andrew64@example.org,2023-10-06,Canada
115,Natasha Williams,swall@example.org,2024-09-30,Belgium
116,Mark Oliver,courtneyberger@example.net,2024-11-14,Canada
117,Amanda Diaz,christopherphillips@example.net,2023-03-04,France
118,Richard Walter,alyssa42@example.com,2024-04-18,Germany
119,Tracy Phillips,linda71@example.org,2025-10-16,Canada
120,Michael Craig,zcoffey@example.net,2025-04-24,Belgium
121,Alexis Herrera,vrichardson@example.net,2024-02-24,Netherlands
122,Mark Watson,thomasharvey@example.net,2023-11-03,Germany
123,Maria Reid,tblankenship@example.net,2024-01-14,Belgium
124,Tracy Torres,pwilson@example.net,2024-04-11,Sweden
125,Michael Paul,umatthews@example.org,2023-06-17,Spain
126,Sandra Gilbert,antonio53@example.com,2025-09-15,UK
127,Jack Pollard,amy50@example.com,2024-05-20,France
128,Tiffany Holloway,batesdarlene@example.net,2023-11-18,Belgium
129,Gavin Zhang,caseyhubbard@example.org,2025-12-18,Canada
130,Crystal Schroeder,ramireztracey@example.org,2024-10-23,Spain
131,Ashley Delacruz,alexistyler@example.org,2024-09-02,Canada
132,Derek Martinez,vfox@example.org,2024-10-25,Germany
133,Kayla Rodriguez,soniawilliams@example.net,2024-06-24,Belgium
134,Victor Brown,bboone@example.net,2024-08-12,Canada
135,Jill Lam,charlene12@example.com,2023-05-18,Italy
136,Michelle James,shawn96@example.org,2024-12-03,Spain
137,Matthew Rich,russellbeasley@example.com,2025-06-06,Netherlands
138,Jason Davis,qedwards@example.com,2024-01-26,Spain
139,Kara Davis,daviscolin@example.net,2025-11-29,Canada
140,Anthony Frye,elizabeth65@example.net,2024-03-03,Canada
141,Thomas Williams,caroline51@example.net,2025-11-15,France
142,John Boone,megan51@example.com,2024-07-28,Netherlands
143,Sarah Villegas,lynchdiane@example.net,2024-10-09,UK
144,Michael Parker,michael22@example.net,2023-11-08,France
145,Patrick Bonilla,reesejason@example.com,2025-01-08,Germany
146,Eric Nguyen,wareeric@example.net,2024-05-30,Netherlands
147,Jeremy Coleman,nperry@example.net,2023-03-15,Belgium
148,Douglas Gregory,trose@example.org,2023-05-24,Italy
149,Mrs. Christine Dougherty,kathrynroberts@example.org,2023-09-18,France
150,Casey James,vincentwhitaker@example.com,2023-01-28,Italy
151,Amanda Smith,atkinsbarbara@example.net,2023-04-08,Germany
152,Donna Sullivan,george97@example.net,2024-04-06,Germany
153,Ryan Sanchez,zwarren@example.com,2025-10-23,UK
154,Richard Jones,schmidtjames@example.com,2025-04-15,Germany
155,Maria Hernandez,thomasjames@example.net,2024-02-08,Canada
156,Angela Bean,kmarshall@example.net,2023-07-06,Spain
157,Kristy Reid,michelle52@example.com,2024-05-25,Spain
158,Eric Hill,bellcharles@example.com,2023-04-04,UK
159,Ronald Jones,gilbertwilliam@example.com,2024-05-28,Canada
160,Nancy Williams,marcalvarez@example.org,2024-10-16,Spain
161,Robert Monroe,wagnergerald@example.org,2025-12-03,Belgium
162,Kelly Bishop MD,paul59@example.org,2025-03-04,Canada
163,Andrea Davis,umitchell@example.net,2025-06-02,Sweden
164,Brittany Miller,sabrinacollins@example.net,2025-12-11,Italy
165,Kurt Hurley,angelica52@example.net,2025-02-22,Canada
166,Yolanda Gaines,lucasrodney@example.com,2025-02-27,Italy
167,Trevor Peterson,ilee@example.org,2023-02-08,Belgium
168,Ashley Wise,stanleynancy@example.net,2023-04-14,Sweden
169,Christopher Guerra,jenniferwilliams@example.com,2023-06-12,Netherlands
170,Jeremy Mitchell,pyoung@example.com,2025-01-29,UK
171,Stephanie Lee,smurray@example.com,2025-12-12,Canada
172,Christopher Gonzalez,moniquewilliams@example.com,2024-07-23,UK
173,Ashley Singleton,mitchellkathryn@example.com,2025-09-03,Germany
174,Sandra Davis,lisawilkerson@example.org,2024-05-26,Italy
175,James Hughes,brooksanthony@example.org,2024-04-18,Italy
176,Raven Taylor,samantha72@example.net,2025-07-26,Germany
177,Susan Smith,marydunn@example.net,2024-06-16,Netherlands
178,Ricardo Young,williamsrobert@example.net,2024-11-16,France
179,Taylor Carlson,chenbailey@example.net,2024-06-03,Canada
180,Lucas Allen,qlopez@example.org,2023-06-26,Italy
181,Troy Stephens,myerstheodore@example.net,2024-08-15,Italy
182,Paul Kelly,cooperjessica@example.net,2024-03-18,France
183,Nicole Anderson,amy27@example.net,2023-05-13,Germany
184,Chad Baldwin,mjohnson@example.org,2024-06-26,France
185,Emily Collins,ihays@example.com,2025-06-04,Italy
186,Cheryl Kelly,glennmartin@example.org,2023-10-24,Germany
187,James Gonzales,lmorgan@example.com,2025-06-13,France
188,Robert Adams,acostachristian@example.net,2025-02-15,Netherlands
189,Edward Garcia,donna47@example.net,2026-01-13,Germany
190,Jeremy West,christina64@example.net,2025-03-15,Canada
191,Angela Walsh,william20@example.org,2025-12-28,Italy
192,Jessica Martinez,kimberlydiaz@example.com,2025-08-06,Belgium
193,Christian Cole,nathan19@example.org,2025-11-24,UK
194,Matthew Wright,johnsonjacob@example.net,2024-08-21,Italy
195,Deborah Green,nlewis@example.com,2024-03-18,Canada
196,Mrs. Brandy Jones MD,zosborn@example.net,2025-02-17,Spain
197,Miss Michelle Pierce,patricia22@example.com,2025-12-14,UK
198,Curtis Taylor,jjohnson@example.net,2024-07-30,Italy
199,Kristen Salazar,jonesraymond@example.net,2024-02-27,UK
200,Patricia Morrow,martinezlogan@example.org,2025-03-17,Sweden
201,Haley Humphrey,katrinaanderson@example.net,2024-05-26,Italy
202,Caleb Hernandez,fernandodonovan@example.org,2025-10-13,Germany
203,Stephanie Singleton,james84@example.org,2024-02-02,Germany
204,Anna Davidson,georgeweber@example.net,2024-12-04,Sweden
205,Amanda Shields,williamsdarlene@example.net,2024-01-24,Netherlands
206,Kenneth Montgomery,jimenezcourtney@example.com,2023-11-05,Sweden
207,David Aguirre,eevans@example.net,2024-12-22,Sweden
208,John Harris,larryhiggins@example.net,2023-03-26,UK
209,James Hodges,floressteven@example.com,2026-01-05,France
210,Anthony Dougherty,kwright@example.com,2024-05-26,Germany
211,Cheryl Moore,tjimenez@example.com,2025-11-07,France
212,Kathy Levy,brandywilliams@example.com,2023-02-14,Sweden
213,Martha Ruiz,booneryan@example.com,2024-07-14,Netherlands
214,Holly Morales,michaelroberts@example.com,2025-03-26,Germany
215,Diana Hays,andersoncolin@example.com,2024-07-25,Italy
216,Todd Fischer,carriemorales@example.org,2025-06-08,Italy
217,Gary Wells,ghernandez@example.org,2023-03-10,Italy
218,Carla Ewing,brittney88@example.net,2024-01-14,Canada
219,Karen Smith,emily69@example.com,2024-07-09,UK
220,Melissa Johnson,pbaker@example.net,2025-06-10,Spain
221,Lauren Jackson,rhernandez@example.org,2024-10-13,Sweden
222,Ashley Smith,robert63@example.com,2023-02-23,Spain
223,Kaitlyn Charles,thorntonapril@example.net,2024-07-22,Belgium
224,Kelly Edwards,stevepatel@example.net,2024-01-10,UK
225,Michelle Schneider,chelsea33@example.com,2024-02-11,Italy
226,William Evans,janet75@example.com,2024-09-22,Germany
227,Rebecca Hill,berryamy@example.com,2024-02-05,UK
228,Regina Roberts,stephanie15@example.com,2025-07-04,Canada
229,Cindy Clayton,sarah42@example.org,2025-01-07,Germany
230,Dana Santiago,danawilliams@example.com,2024-11-24,France
231,Michael Taylor,richarddonovan@example.com,2024-01-16,Canada
232,Victor Morris,velezchristopher@example.net,2024-06-25,France
233,Sarah Johnson,robertmonroe@example.org,2023-10-01,Germany
234,Jon Zuniga,nancy04@example.net,2026-01-15,Italy
235,Frances Gibson,ismall@example.net,2024-11-10,Spain
236,Brian Martin,twong@example.org,2024-06-15,Sweden
237,Edward Craig,gregorychase@example.com,2023-02-04,UK
238,Angie Caldwell,tinawoods@example.org,2025-07-13,UK
239,Jeremy Adams,kevin90@example.com,2023-01-27,Italy
240,Amy Wilson,erik84@example.net,2025-01-04,Sweden
241,Elizabeth Mendez,susanmendoza@example.com,2023-05-28,France
242,Jennifer Dunn,ztodd@example.net,2025-04-17,Spain
243,Melanie Larson,foxallison@example.com,2025-07-12,Sweden
244,Amy Kelley,ashleyhernandez@example.com,2023-04-15,France
245,Michael Love,gdavis@example.com,2025-08-12,Sweden
246,Jose Bryant,hansenemily@example.com,2025-06-23,Belgium
247,Robert Reese,williamsmelvin@example.org,2025-03-21,UK
248,Steven Andersen,ajohnson@example.org,2024-09-03,Belgium
249,Veronica Brewer,ybrooks@example.com,2025-05-11,Sweden
250,Jaime Vega,desireebailey@example.org,2025-08-29,Canada
251,Cameron Irwin,avilatiffany@example.com,2026-01-11,UK
252,Kim Morrow,stevenmoore@example.org,2025-01-26,Spain
253,Ashley Pacheco,bmendez@example.org,2025-11-11,Italy
254,Andrew Harper,sanchezbradley@example.com,2023-09-02,Belgium
255,Scott Brown,jim95@example.net,2023-10-03,Italy
256,Erica Turner,valerieboyd@example.com,2024-11-04,France
257,Travis Hobbs,conniesimmons@example.com,2023-12-15,Canada
258,Mason James,heather62@example.com,2023-03-12,France
259,Kara Atkinson,meredith27@example.org,2024-03-07,Netherlands
260,Kristin Anderson,jonathanrivera@example.org,2024-09-26,France
261,Anna Hardy,brettbennett@example.net,2025-10-25,France
262,Chelsea Gill,timothybooth@example.com,2024-11-10,UK
263,Christy Lee,burgesskaren@example.org,2023-12-17,Canada
264,Jennifer Allen,kimberly67@example.net,2025-02-19,Canada
265,Ian Andrade,ugarcia@example.com,2024-12-30,Spain
266,Dale Edwards,hartjeffrey@example.org,2025-05-02,France
267,Lauren Cortez,elijah53@example.com,2023-02-06,Canada
268,Juan Harding,jonathan77@example.com,2024-10-04,Germany
269,Caroline Cortez,iwhite@example.net,2023-07-23,Spain
270,Sara Jones,duranrobert@example.net,2025-12-03,Germany
271,Alexa Wagner,bruce97@example.net,2023-09-30,Germany
272,Juan Smith,amanda40@example.net,2024-07-07,Italy
273,Renee Browning,hullalice@example.org,2025-06-28,Sweden
274,Robin Adams,zmiller@example.com,2023-08-18,Germany
275,Courtney Sutton DVM,davisnicholas@example.net,2024-09-29,Italy
276,Michele Miller,vnewman@example.net,2024-06-24,France
277,Stephanie Ellison,jasonparrish@example.net,2025-12-25,Germany
278,Benjamin Frost,whitemelissa@example.org,2024-06-23,Sweden
279,Nicole Marquez,thickman@example.org,2025-12-07,Canada
280,Sarah Rhodes,patrick21@example.net,2024-09-28,Netherlands
281,Brent Hall,petersonkayla@example.net,2025-04-15,Belgium
282,Alyssa Nelson,whenry@example.net,2024-03-29,Italy
283,Michael Guerrero,bartonkenneth@example.org,2025-11-15,Netherlands
284,Christian Dawson,jodistewart@example.org,2025-03-10,Italy
285,Jill Juarez,andersonjacob@example.com,2023-04-30,Belgium
286,Ashley Davis,carlsonkristen@example.com,2024-09-20,Sweden
287,Richard Hardy,ashleyjackson@example.com,2023-02-02,Spain
288,Derrick Thomas,ryanfisher@example.com,2023-07-24,Belgium
289,Tony Le,mwheeler@example.com,2025-05-26,UK
290,Travis Cook,vbrock@example.com,2023-05-17,Netherlands
291,Shannon Mccann,kevinmorrison@example.net,2024-01-21,Germany
292,Vincent Novak,jessica79@example.org,2023-08-27,France
293,Richard Diaz,brittanygardner@example.net,2024-01-11,UK
294,Nicholas Hahn,samuelcarter@example.net,2025-05-09,Germany
295,Rebecca Chambers,cynthiaallen@example.net,2023-04-05,Germany
296,James Cole,iaguilar@example.net,2023-07-07,Canada
297,Jennifer Johnson,jacqueline89@example.net,2025-10-27,Italy
298,David Ortega,deborahwilliams@example.net,2025-10-17,Canada
299,Paul Sheppard,grodriguez@example.com,2025-01-30,Belgium
300,Kristin Watts,seanmyers@example.net,2023-09-20,Spain
301,Haley Johnson,phillipssamantha@example.org,2024-10-25,Netherlands
302,Brenda Collins,hmueller@example.com,2023-05-27,Germany
303,Nathan Chavez,evanslisa@example.org,2024-02-05,Italy
304,Brian Marsh,zacharyarnold@example.com,2023-02-13,Netherlands
305,Crystal Sullivan,jacobsandoval@example.com,2024-09-24,Belgium
306,Christina Vargas,nsmith@example.org,2023-02-20,Spain
307,Rebecca Ray,michaelgonzalez@example.org,2023-11-20,UK
308,Kelsey Fowler,lcarr@example.org,2023-11-03,Canada
309,Lisa Cervantes,samantha91@example.net,2024-02-04,Belgium
310,Eric White,williambarnes@example.org,2023-06-15,Canada
311,John Medina,angelaburns@example.org,2024-10-10,France
312,Lisa Glenn,washingtonjames@example.com,2023-08-12,Canada
313,Kathleen Cohen,cmckinney@example.com,2025-12-10,Belgium
314,Rebecca Walker,hillamanda@example.org,2023-07-22,Germany
315,Patricia Simpson,armstrongjoseph@example.net,2025-05-23,Spain
316,Rodney Williams,bpayne@example.org,2025-07-09,Belgium
317,Danielle Golden,colemichael@example.org,2025-04-04,Germany
318,Patricia Young PhD,michelle96@example.org,2024-05-14,Germany
319,Robin Trujillo,amanda98@example.org,2024-11-24,Canada
320,Donna Adams,taylorkaren@example.com,2024-01-09,Spain
321,Sharon Martinez DVM,dustinmorris@example.org,2025-10-22,Belgium
322,Katherine Ray,courtney67@example.org,2025-05-02,Belgium
323,Anna Robertson,heather57@example.com,2024-12-13,Italy
324,Raymond Oconnor,sreid@example.com,2024-01-13,Netherlands
325,Jennifer Donaldson,troymorris@example.com,2025-08-07,Italy
326,Kylie Washington,patricia00@example.org,2024-01-24,Belgium
327,Alexis Noble,scottsmith@example.com,2024-12-05,Canada
328,Bonnie Santos,nancymcdowell@example.org,2023-08-29,UK
329,Jacob Mckee,brettgarrett@example.net,2025-01-05,Belgium
330,Matthew Padilla,lewischristian@example.net,2025-02-23,France
331,Alexandra Dominguez,mcneilrobert@example.org,2023-09-24,Germany
332,Brandon Shaffer,edwardsnicole@example.org,2024-06-26,Sweden
333,Shelly May,caseyelliott@example.net,2024-03-14,Belgium
334,Nathan Fuller,samanthajensen@example.com,2024-12-31,France
335,Brian Goodwin,bbell@example.com,2025-08-18,France
336,Matthew Wright,kimberly04@example.org,2025-06-04,Netherlands
337,Nicole Phillips,bowerslaura@example.org,2024-08-08,Spain
338,Jonathan Wheeler,hatfieldsarah@example.org,2024-07-14,Belgium
339,Jennifer Payne,kathrynbest@example.org,2024-03-18,Spain
340,Dennis Williams,fryraymond@example.com,2023-02-07,UK
341,Jennifer Miles,davidsonamanda@example.org,2024-12-08,Canada
342,Jorge Harris,amandamyers@example.net,2023-11-19,Sweden
343,Maria Collins,pblair@example.org,2025-05-04,Canada
344,Audrey Salazar,parkerjudith@example.net,2023-10-14,France
345,Chad Smith,hbenton@example.net,2023-07-31,Germany
346,Carol Martinez,jessica10@example.com,2025-05-26,Germany
347,Austin Joseph,crawfordwilliam@example.org,2025-06-21,Spain
348,Holly Scott,shannonemily@example.org,2024-07-20,Canada
349,Amanda Roy,brandoncox@example.org,2023-09-27,France
350,Amanda Pratt,pwalker@example.com,2023-08-03,Netherlands
351,Roger Duncan,shawrachel@example.org,2025-10-18,Canada
352,Amber Morales,xcline@example.com,2023-09-21,Spain
353,Aimee Gonzalez,jodi37@example.com,2024-01-13,Sweden
354,Raymond Gonzalez DVM,edwardrandolph@example.org,2024-10-28,Spain
355,Ryan Wiley,aaron64@example.org,2023-10-02,France
356,Mrs. Tonya Kaufman,jenniferdavis@example.org,2023-09-01,Belgium
357,Mercedes Watson,carpenterwilliam@example.net,2025-09-28,Netherlands
358,Keith Graham,joelgreen@example.com,2025-07-05,France
359,Ronnie Nguyen,enelson@example.org,2025-10-30,Netherlands
360,Ashley Garcia,aowens@example.org,2023-06-18,Italy
361,Christine Parker,melissa12@example.net,2024-08-28,Italy
362,Lindsey Lewis,eddie35@example.com,2023-12-19,Germany
363,Debbie Ewing,cranemelissa@example.net,2024-08-04,Netherlands
364,Joel Lara,davidbrown@example.org,2025-04-18,Canada
365,Jacqueline Mccoy,aguilarjonathan@example.org,2023-06-12,Sweden
366,Steven Ramos,christopherboone@example.com,2023-02-12,Spain
367,Amber Glass,zunderwood@example.com,2023-06-03,Italy
368,Carrie Lewis,joshuagriffin@example.org,2023-02-21,Spain
369,Danielle Phillips,eandrade@example.org,2023-02-26,Spain
370,Jason Day,crystalpham@example.org,2023-04-26,Sweden
371,Heather Stephens,kcooper@example.net,2026-01-07,France
372,Alexander Harper,huangkimberly@example.org,2024-01-07,Spain
373,Hunter Silva,terrigarcia@example.net,2025-06-23,Netherlands
374,Raven Mclaughlin,barbaramcgrath@example.com,2023-10-11,Sweden
375,Sarah Thompson,linda59@example.org,2024-02-12,Italy
376,Keith Thomas,marycochran@example.com,2025-02-28,Belgium
377,Andrew Brown,andrewwoods@example.com,2024-09-04,Spain
378,Carlos Love,brian29@example.net,2025-10-21,Germany
379,Sarah Valencia,brookssheri@example.com,2025-10-20,Sweden
380,Frank Daugherty,fconner@example.net,2024-10-22,France
381,Kristina Preston,jeffrey92@example.com,2024-01-02,UK
382,Bethany Daniel,xrosales@example.net,2023-12-21,Italy
383,Tammy Ponce,daniellegarcia@example.com,2023-02-24,Italy
384,Cynthia Haas,daisymccarty@example.net,2023-06-23,UK
385,Gabriela Smith,johnjones@example.com,2025-01-22,Netherlands
386,Amber Kim,acosta@example.com,2025-05-30,Belgium
387,James Poole,franciscojones@example.org,2025-09-11,Italy
388,Trevor Jones,pamelamartin@example.org,2023-12-08,Italy
389,Anna Wheeler,bbush@example.net,2024-09-10,France
390,Brooke Garcia,terriortiz@example.net,2023-07-19,Italy
391,Deborah Campbell,codylong@example.net,2025-03-20,Sweden
392,Isaac Patterson,madison97@example.org,2025-07-27,Netherlands
393,Mark Rowland,tanthony@example.com,2023-05-06,Belgium
394,Deborah May,ylopez@example.com,2024-06-18,Germany
395,Jeremiah Baker,anne21@example.org,2023-08-12,Belgium
396,Jennifer Avila,angelarandall@example.net,2025-01-20,Netherlands
397,Sharon Wells,thomasmiller@example.net,2024-04-22,Canada
398,Kellie Duncan,davidtodd@example.org,2023-02-27,Sweden
399,Daniel Lee,hendersonvanessa@example.com,2025-11-24,Canada
400,Brittany Larson,renee11@example.com,2023-08-29,Netherlands
401,Shannon Stone,buchanancindy@example.net,2024-09-20,France
402,Chase Knight,buckleyanna@example.org,2025-05-24,Germany
403,Sheryl Humphrey,patrick79@example.net,2025-05-29,Belgium
404,Jamie Montgomery,vwilliams@example.net,2024-06-20,Spain
405,Tammie Prince,morganlaura@example.com,2023-10-07,Belgium
406,Michael Garcia PhD,kevinmanning@example.com,2023-11-22,France
407,Matthew Lopez,robinrussell@example.com,2023-11-11,Germany
408,Samantha Robertson,cameronmckinney@example.com,2025-04-30,Sweden
409,Sherry Johnson,nancygonzalez@example.org,2023-06-17,Netherlands
410,Thomas Bush,micheal78@example.com,2023-10-20,Netherlands
411,Andre Watson,ethompson@example.net,2024-12-15,Sweden
412,Ryan Green,mitchellpaul@example.org,2024-09-14,Canada
413,Cindy Walker,ericaadams@example.com,2025-08-11,Germany
414,Tracy Fleming,pbuck@example.org,2024-08-04,Sweden
415,David Trujillo,jennifer46@example.com,2024-11-08,Italy
416,Daniel Turner,asilva@example.net,2025-08-09,Belgium
417,Sara Hoffman,kenneth17@example.org,2026-01-18,France
418,Frederick Hill,jacob83@example.org,2024-01-23,Sweden
419,Lindsay Guerrero,jenniferrios@example.com,2025-06-19,France
420,James Johnson,matthewreeves@example.net,2023-10-31,Canada
421,Susan Powers,megan82@example.com,2024-08-27,Canada
422,David Stokes,staceylam@example.net,2023-05-06,Italy
423,Patrick Parker,nathan94@example.com,2023-04-27,Netherlands
424,Sean Silva,kennedyjames@example.org,2025-08-09,Sweden
425,Edwin Brown,derrickgonzalez@example.com,2025-08-26,Germany
426,Victoria Thomas,kimberlyfreeman@example.net,2026-01-04,Netherlands
427,Anthony Hayes,kathleenjackson@example.org,2026-01-04,Netherlands
428,Anita Mendez,epowell@example.com,2024-07-09,Germany
429,Monica Dodson,katherine83@example.org,2023-01-25,Belgium
430,Danielle Steele,larry16@example.net,2025-01-30,Canada
431,Rodney Evans,stephen89@example.net,2024-10-25,Belgium
432,Whitney Cooper,mhoward@example.org,2024-01-24,Sweden
433,Jennifer Perez,jasonjohnson@example.net,2025-11-23,Netherlands
434,Matthew Johnson,kelsey90@example.net,2023-07-24,Sweden
435,Martha Smith,butleromar@example.net,2026-01-13,Belgium
436,Christine Jennings,turnerdorothy@example.net,2023-10-23,Canada
437,Mercedes Barnes,huntchristine@example.com,2024-08-11,Spain
438,Craig Gonzalez,marie35@example.net,2023-05-24,Italy
439,Joshua Lozano,arivera@example.org,2024-04-12,Sweden
440,Sara Caldwell,stacychan@example.org,2025-01-24,Sweden
441,David Hall,joseph01@example.org,2025-03-22,Spain
442,Heather Rhodes,grodgers@example.org,2025-09-03,Belgium
443,Matthew Murphy,rfriedman@example.net,2023-01-30,Sweden
444,Catherine Morales,ynelson@example.net,2023-05-01,Canada
445,Mariah Robles,andersonjessica@example.org,2025-08-08,France
446,Karen Carroll,ywhite@example.com,2023-05-13,Belgium
447,Sheryl Acosta,timothyfreeman@example.com,2024-11-19,Belgium
448,Matthew Smith,tiffanysantiago@example.com,2024-05-16,Italy
449,Lisa Reynolds,timothyalvarado@example.net,2024-08-10,Sweden
450,Kristin Huerta,smithsarah@example.net,2024-03-16,Netherlands
451,Sheila Jones,vflores@example.com,2025-08-06,UK
452,Mason Powell,christianwallace@example.net,2023-03-16,UK
453,Jillian Wilson,bmcgee@example.org,2024-05-24,UK
454,Joshua Petersen,pamela83@example.net,2024-04-05,Italy
455,Heidi Brown,meganrivera@example.net,2025-01-24,Canada
456,Heidi Chavez,malonejeffrey@example.com,2024-11-06,UK
457,Rebecca Kelley,jacqueline02@example.com,2024-02-12,Spain
458,Mikayla Rodriguez,jacobconrad@example.com,2023-06-22,Germany
459,Cheryl Morgan,owilliams@example.net,2023-09-13,Belgium
460,Joanna Barrett,tamarasmith@example.net,2024-10-25,Canada
461,Sara Webb,heatherthompson@example.org,2023-03-14,Netherlands
462,Lisa Morris,mbarnes@example.net,2023-05-13,Germany
463,Victor Waller,iballard@example.com,2025-05-03,Italy
464,Kayla Cameron,jennifer83@example.org,2024-11-09,Belgium
465,Melissa Morse,tinasantos@example.org,2023-09-06,Italy
466,Erica Wilson,anna99@example.net,2024-07-24,Italy
467,Stephanie Ferguson,hstokes@example.org,2025-03-07,Spain
468,Michael Gonzalez,tonyavega@example.org,2023-02-16,France
469,Elizabeth Molina,howardshaun@example.net,2025-07-27,France
470,Sharon Newton,yyoung@example.net,2025-08-27,Italy
471,Tammy Hughes,tammy00@example.net,2023-11-30,UK
472,Priscilla Berg,rhondabush@example.net,2023-10-22,Germany
473,Nancy Gonzalez,kellythompson@example.net,2024-02-26,UK
474,Nancy Wilson,pattersonangela@example.org,2023-04-11,Sweden
475,Abigail Owens,billmcfarland@example.net,2023-07-15,Italy
476,Lisa Stanley,jtyler@example.com,2023-03-16,Sweden
477,Kelly Krueger,hartmanerik@example.net,2023-04-09,UK
478,Daniel Lewis,mark43@example.net,2024-08-30,Sweden
479,Samantha Zavala MD,sean99@example.org,2024-08-22,Italy
480,Erica Moon,cruzamber@example.com,2025-12-04,Spain
481,Patricia Robertson,stucker@example.net,2023-02-16,France
482,Tiffany Jackson,simsjason@example.net,2023-08-18,Germany
483,Jessica Garcia,elucas@example.net,2025-05-16,Sweden
484,Mitchell Johnson,brownlaura@example.net,2025-02-09,Italy
485,Susan Russell,bmccoy@example.com,2023-04-07,Spain
486,Kimberly May,avilabrenda@example.net,2023-02-07,Canada
487,Jonathan Roberts,catherine47@example.com,2025-08-05,UK
488,Kara Ferguson,julierobles@example.net,2024-03-27,France
489,Elizabeth Eaton,susan08@example.net,2023-12-09,Canada
490,Kenneth Long,torreskaitlin@example.net,2023-06-23,Italy
491,Matthew Hunt,jackjensen@example.com,2024-01-31,Germany
492,Robert Phelps,enewman@example.com,2023-08-20,UK
493,Craig Carpenter,michael31@example.com,2025-01-24,Spain
494,Emily Hayes,heather29@example.net,2024-11-28,UK
495,Jeffrey Smith,kristenjoseph@example.net,2024-02-23,Canada
496,Brandy Quinn,wford@example.com,2024-05-11,Canada
497,Matthew Miller,michele28@example.org,2024-07-06,Netherlands
498,Angela Jones,atkinsoncrystal@example.net,2023-11-04,UK
499,Christy Johnson,amy87@example.net,2024-10-14,Canada
500,Daniel Barton,dennis88@example.org,2025-05-17,Sweden
501,Mary Charles,katherinetaylor@example.org,2024-03-29,Canada
502,Mary Faulkner,ccrosby@example.org,2023-08-04,UK
503,Dennis Young,aprilmoody@example.com,2025-05-02,Spain
504,Anthony Hooper,dakota84@example.net,2024-06-17,UK
505,Carrie Valdez,briana18@example.com,2023-11-04,UK
506,Kelli Gomez,tommy79@example.org,2024-03-07,Belgium
507,Christopher Jones,jason22@example.com,2024-07-22,Italy
508,Mary Perry,jennifer77@example.com,2024-11-09,Belgium
509,Roy Johnson,andersonbrittany@example.org,2023-09-07,Canada
510,Kenneth Brown,sandra86@example.net,2024-12-09,UK
511,Sherry Luna,stacey37@example.net,2025-12-16,Italy
512,Carolyn Greer,laurahoover@example.org,2026-01-11,Belgium
513,Carol Jennings,ecarlson@example.org,2024-12-02,UK
514,Alan Mills,mserrano@example.org,2024-03-09,Germany
515,Linda Rich,davisdonna@example.net,2023-08-02,Belgium
516,Todd Gregory,xboyd@example.org,2024-09-01,Italy
517,Todd Olson,zbell@example.net,2025-02-21,Belgium
518,Laura Coleman,thomas31@example.com,2025-10-10,Netherlands
519,Deanna Smith,lanedavid@example.org,2024-11-05,Netherlands
520,Robert Ortiz,mooredenise@example.com,2024-03-05,Canada
521,Krystal Carr,afischer@example.net,2023-11-02,Germany
522,Mr. Justin King,becky62@example.net,2025-05-27,Spain
523,Richard Avery,lewisrichard@example.com,2023-05-30,Spain
524,Melinda Williams,aoconnell@example.org,2025-06-14,Italy
525,Kyle Davis,jeffrey19@example.org,2025-07-09,Sweden
526,Jennifer Douglas,jennifer90@example.org,2025-03-23,Spain
527,Dakota Sandoval,james98@example.net,2024-12-21,Italy
528,Megan Ward,cantrellchristopher@example.com,2025-02-22,Germany
529,James Willis,mclaughlincasey@example.org,2025-05-22,Sweden
530,Kristin Aguilar,sylvia43@example.net,2024-09-12,Sweden
531,Jared Smith,richardrodriguez@example.org,2025-12-09,Netherlands
532,Bruce Palmer,nancy94@example.net,2024-07-23,Canada
533,John Sanchez,susan77@example.net,2024-05-18,UK
534,Mr. James Kramer,ericahall@example.com,2025-08-20,Sweden
535,Joseph Haynes,john16@example.net,2024-04-15,France
536,Justin White,michael94@example.org,2025-04-18,Italy
537,Susan Porter,jimmyallen@example.com,2025-11-22,Sweden
538,David Montgomery,kimberlywilson@example.org,2023-09-03,Sweden
539,Lisa Duran,charlesnathan@example.com,2025-01-29,France
540,Dr. Sheila Henry,raymond92@example.org,2024-07-12,Sweden
541,Todd Johnson,phillip27@example.org,2024-08-17,UK
542,Michael Smith,nicolasgarcia@example.com,2025-02-22,France
543,Joshua Young,vmullen@example.com,2024-11-20,Netherlands
544,Jason Goodwin,melissa47@example.org,2023-08-09,Belgium
545,Melissa Olsen,linda86@example.com,2024-10-06,Sweden
546,Nancy Kennedy,thompsonvictor@example.net,2023-08-22,Sweden
547,Rachel Evans,rosshannah@example.org,2024-08-08,Canada
548,Ryan Davis,jordan58@example.net,2023-09-12,Canada
549,Alejandro Martinez,barbarasantos@example.net,2025-11-05,Italy
550,Heather Nunez,champton@example.org,2023-07-30,UK
551,Mark Thomas,daniellemcfarland@example.com,2024-03-12,Italy
552,Sarah Jones,matthewedwards@example.net,2024-12-11,Belgium
553,Matthew Nelson,xnorman@example.net,2023-12-05,Sweden
554,Jennifer White,martinezjimmy@example.com,2024-10-23,UK
555,Angela Jackson,davissharon@example.com,2025-11-14,France
556,James Hubbard,garciachristine@example.org,2024-09-11,Sweden
557,Ellen Wright,scott22@example.net,2025-01-06,Netherlands
558,Matthew Dalton,michelle78@example.com,2025-07-26,Sweden
559,Travis Ryan,owelch@example.net,2024-09-11,Spain
560,Kimberly Stout,zfernandez@example.org,2024-05-10,UK
561,David Torres,millskatherine@example.org,2024-05-17,Spain
562,Adam Weeks,xevans@example.com,2024-01-31,Canada
563,Rebecca Kelley,robertcastro@example.com,2025-06-11,France
564,Maria Clayton,josehenderson@example.org,2023-10-20,Sweden
565,Lisa Benson,justin84@example.com,2024-08-07,France
566,Chad Rodriguez,rwilliamson@example.net,2023-08-13,Germany
567,Alec Williams,lopezcurtis@example.com,2024-12-01,Sweden
568,Adam Davis,snydermatthew@example.com,2023-06-05,Spain
569,Mr. Michael Johnson Jr.,brianrowe@example.org,2025-05-29,UK
570,Steven Wright,hclayton@example.net,2024-09-05,Spain
571,Jessica Rojas,gonzalezjill@example.org,2023-10-19,France
572,Mrs. Melanie Collins,eric08@example.net,2024-08-12,Belgium
573,Mr. Isaac Williams,teresayoung@example.com,2023-06-02,Sweden
574,Donald Wilson,albertwilliams@example.net,2024-01-10,Netherlands
575,Jacqueline Davis,vincentparks@example.com,2024-06-23,Italy
576,Lori Brown DDS,martinezjesse@example.net,2025-11-04,UK
577,Renee Gonzales,andrewgray@example.net,2025-06-01,Netherlands
578,Karina Kim,amy73@example.net,2023-06-16,Netherlands
579,Nicholas Hill,caseymoore@example.com,2023-08-12,Sweden
580,Jordan Parsons,bgross@example.net,2025-07-05,Belgium
581,Cynthia Le,rlee@example.com,2025-08-15,Sweden
582,Douglas Ortiz,daniel81@example.org,2025-05-07,Belgium
583,Shane Harris,clee@example.net,2025-07-22,Germany
584,John Hanson,brandon39@example.net,2024-12-22,UK
585,Christine Henry,mcdonalddanielle@example.com,2023-04-07,France
586,Jennifer Wood,colonjoseph@example.org,2024-09-22,Canada
587,Angela Lewis,garciajerry@example.com,2025-04-03,France
588,Danielle Garrett,angelagrant@example.net,2023-08-15,Netherlands
589,Heather Ellis,kandrade@example.org,2023-05-15,Italy
590,Mary Ferguson,umahoney@example.net,2024-09-13,Germany
591,Jacob Duran,umckenzie@example.net,2026-01-09,France
592,Jaime Pierce,michael77@example.com,2023-10-10,France
593,Duane Smith,victoriaturner@example.com,2023-01-20,Italy
594,Ethan Ingram,samantha88@example.net,2026-01-01,Italy
595,Andrew Kelly,josephpreston@example.org,2025-10-29,France
596,Anna Ross,jessicacummings@example.com,2023-10-02,Spain
597,Melissa Johnston,larsonkevin@example.net,2023-07-28,Italy
598,Richard Weeks,michael66@example.org,2025-06-23,Spain
599,Matthew Guzman,walterscrystal@example.org,2025-08-29,UK
600,Joshua Hernandez,ericnunez@example.com,2023-12-19,Germany
601,Laura Davis,zroberts@example.org,2025-12-18,Italy
602,Kenneth Williams,zbaker@example.net,2023-06-13,UK
603,Pamela Castillo,tonypearson@example.org,2024-05-09,Belgium
604,Kelly Allen MD,kmorris@example.org,2024-09-25,Netherlands
605,Jacob Lee,brittney04@example.org,2023-05-23,Spain
606,Wanda Ramos,scottglass@example.org,2026-01-05,Germany
607,Peter Farrell,singhjohn@example.net,2023-08-26,Spain
608,Samantha Smith,torresthomas@example.com,2025-10-30,Belgium
609,Christina Mills,ana92@example.net,2023-09-05,Germany
610,Kevin Alvarado,scottbrian@example.org,2025-02-23,France
611,Amy Pena,jonesdonna@example.net,2025-06-02,Belgium
612,Sharon Smith,yhall@example.net,2025-08-10,Sweden
613,Ethan Delacruz,lopezvincent@example.com,2025-12-24,Sweden
614,Amanda Nielsen,matthew62@example.org,2024-09-24,Italy
615,Mario Young,lisa46@example.org,2024-02-03,Germany
616,Courtney Peterson,fsandoval@example.net,2025-11-18,Italy
617,Lisa Garrett,robertberry@example.com,2024-03-13,Germany
618,Erin Daniels,denisecarpenter@example.net,2025-12-17,Belgium
619,Ellen Thornton,russellstout@example.org,2025-06-14,Germany
620,Brooke Jones,whitemary@example.org,2025-01-07,France
621,Sheryl Gutierrez,vturner@example.net,2025-03-26,Netherlands
622,Richard Rodriguez,anthonyodom@example.net,2025-11-06,Canada
623,Crystal Hall,howardhailey@example.com,2023-11-08,Sweden
624,Julie Banks,melissahenry@example.org,2023-06-15,Netherlands
625,Jason Novak,stephanie33@example.org,2023-07-18,Germany
626,Victoria Camacho,dwatts@example.org,2023-04-02,Canada
627,Lisa Holloway,phillip99@example.net,2024-05-02,Netherlands
628,Rachel Meyer,cbryant@example.org,2024-08-17,France
629,Nicholas Grant,leescott@example.com,2024-08-09,Sweden
630,Christopher Phillips,vaughnrebecca@example.com,2025-05-16,UK
631,Nathan Wilson,phillipmorris@example.org,2025-07-16,Germany
632,Michelle Harris,udavis@example.net,2023-08-03,Sweden
633,Carly Quinn,wilsonshannon@example.com,2024-12-30,Netherlands
634,Monica Hester,nicholasjames@example.org,2023-04-23,UK
635,Mary Hernandez,haroldjoseph@example.com,2025-10-14,Spain
636,Tonya Roberts,davidanderson@example.org,2023-12-23,Sweden
637,Alexandria Jimenez,astephens@example.net,2023-01-23,Spain
638,Kevin Alvarez,mramos@example.net,2025-09-12,Canada
639,Diana Fuller,brandonhernandez@example.net,2023-01-27,Belgium
640,Andrew Lane,mark10@example.org,2024-02-06,Canada
641,Michael Carr,tammycurry@example.com,2024-04-20,UK
642,Edwin Richardson,wwilkins@example.com,2025-11-04,UK
643,John Martinez,mark68@example.org,2025-07-31,Sweden
644,Ashley Blair,webbhaley@example.net,2025-02-19,Belgium
645,Emily Fox,sara99@example.com,2023-11-30,Netherlands
646,Katherine White,jeanettekrause@example.org,2024-08-11,Italy
647,Robert Mclaughlin,laurenduarte@example.com,2023-05-29,Germany
648,Robert Lewis,hannahking@example.org,2023-03-10,Belgium
649,Erica Smith,matthew99@example.org,2023-12-23,UK
650,Roy Nielsen,zhendricks@example.org,2025-07-19,Italy
651,Mr. Steven Herrera,steven60@example.net,2024-12-26,UK
652,Emily Herrera,barbararivera@example.com,2023-12-13,Sweden
653,Ryan Morgan,ksims@example.net,2023-04-02,Netherlands
654,Bruce Patton,janet50@example.com,2024-11-13,France
655,David Hayes DVM,aliciathompson@example.com,2024-04-17,UK
656,Susan Wallace,lloydrebecca@example.org,2025-05-28,Netherlands
657,Morgan Mills,douglas18@example.net,2023-08-16,Spain
658,Andrew Hughes,smithsarah@example.net,2026-01-11,UK
659,Felicia Small,meyerdonna@example.com,2025-08-05,Italy
660,Margaret Clark,jameshill@example.com,2023-02-13,Netherlands
661,Denise Moore,smithcindy@example.net,2025-05-15,Belgium
662,Kirsten Nelson,audrey21@example.com,2023-05-12,Netherlands
663,Jeremy Anderson,dberger@example.org,2024-11-21,Belgium
664,James Bush,tjensen@example.com,2024-03-15,Belgium
665,Megan Ferguson,fbradley@example.net,2025-07-03,Canada
666,Michael Mckinney,oruiz@example.org,2024-06-15,France
667,Susan Myers,kristina57@example.com,2025-08-19,Canada
668,Gregory Murray,justinbailey@example.net,2023-02-22,Italy
669,Robert Robles,angela14@example.net,2023-06-08,Germany
670,Cynthia Sanchez,terrireyes@example.com,2024-06-07,Italy
671,Jessica Baird,amy32@example.net,2023-09-05,Sweden
672,Michelle Copeland,vargassteven@example.net,2025-01-22,UK
673,Eric Sullivan,jenningscandace@example.com,2023-05-06,Canada
674,Amy Robinson,paigeberger@example.net,2024-01-13,Italy
675,Mary Chavez,peter97@example.org,2025-06-24,UK
676,Elizabeth Bauer,samantha65@example.org,2023-09-02,UK
677,Kayla Abbott,bryan80@example.org,2024-10-19,UK
678,Heather Callahan,youngjacqueline@example.com,2025-02-28,France
679,Jennifer Graham,elainewells@example.org,2024-12-04,Germany
680,Heather Butler,whitney22@example.org,2024-09-19,Belgium
681,Nathan Tucker,iproctor@example.org,2023-04-08,Italy
682,Shannon English,dhanson@example.net,2023-06-19,Sweden
683,Janice Perez,kjacobs@example.com,2024-04-28,Italy
684,Jonathan Jenkins,arthur09@example.com,2025-08-04,Belgium
685,John Vaughn,jessicafox@example.com,2025-03-01,Netherlands
686,Steve Davis,qmccoy@example.net,2024-06-12,UK
687,Rebecca Edwards,bergeramanda@example.org,2023-04-15,Canada
688,Julie Gross,zgomez@example.com,2024-06-16,Canada
689,Thomas Curry,bryan79@example.org,2023-12-02,Netherlands
690,Dorothy Mclaughlin,mitchellchristopher@example.net,2024-10-08,Sweden
691,Darlene Gilbert,michaela01@example.net,2023-04-14,Canada
692,Brittany Griffin,josehaynes@example.com,2023-07-30,Netherlands
693,Amanda Riggs,caitlinunderwood@example.com,2023-08-05,Netherlands
694,James Guerrero,jasonnavarro@example.com,2025-04-23,UK
695,Robert Williams,tross@example.com,2023-03-20,Belgium
696,Kim James,jwells@example.net,2025-04-16,Belgium
697,Timothy Cole,suzanne01@example.net,2025-08-29,Belgium
698,Jessica Hull,matthew41@example.com,2024-12-17,Italy
699,Raymond Curry,aprilbyrd@example.org,2025-01-05,Germany
700,Adam Jones,gdavis@example.net,2023-12-29,Italy
701,Douglas Lee,harveybrian@example.net,2024-05-22,Netherlands
702,Tiffany Little,millercassandra@example.com,2025-01-07,Germany
703,Kylie Coffey,dominguezjon@example.com,2025-01-07,Canada
704,Jesse Carney,qschwartz@example.com,2025-01-12,Spain
705,Destiny Brown,dcook@example.com,2023-10-28,Italy
706,Jeremiah Vasquez,chelseywhite@example.com,2025-12-01,Italy
707,Jessica Mendez,gainesjennifer@example.org,2023-05-18,UK
708,Nicholas Waters,mosleyeduardo@example.net,2023-02-27,Belgium
709,James Hernandez,rebecca90@example.net,2023-01-20,Canada
710,Karen Powell,fernandezaaron@example.net,2025-03-04,Belgium
711,Mr. Timothy Howard,richard15@example.net,2025-07-03,Germany
712,Ryan Hodges,deborah28@example.org,2025-08-11,Italy
713,Elizabeth Price,mccoymichael@example.org,2025-12-14,Belgium
714,Collin Johnson,cortezbrittany@example.com,2025-09-15,Italy
715,Maria Porter,blevy@example.org,2024-03-20,Netherlands
716,Nathan Sullivan,lindsaycontreras@example.com,2024-01-26,Spain
717,Kimberly Figueroa,sandyjohnson@example.org,2025-11-14,Belgium
718,Terry Montgomery,jacquelineanderson@example.org,2024-07-08,France
719,Samantha Davis,marybrown@example.org,2024-12-12,Canada
720,Lisa Brown,ronaldcain@example.net,2023-05-25,Spain
721,William Johnston,marcoconnell@example.org,2025-01-31,Belgium
722,Gabriela Martinez,katherinejackson@example.com,2025-05-05,France
723,Timothy Williams,moodycrystal@example.com,2024-09-16,France
724,John Smith,saramann@example.net,2025-05-20,Canada
725,Robert Barton,jamiebowman@example.net,2025-09-17,Belgium
726,Christopher Holt,jennifersalazar@example.org,2024-05-27,Spain
727,Hannah Smith,jamesdowns@example.org,2024-12-06,UK
728,Victoria Romero,qtownsend@example.org,2024-11-27,Germany
729,Robert Jennings,kjimenez@example.net,2023-11-18,France
730,Jackson Clark,matthew70@example.org,2025-10-26,Belgium
731,Casey Floyd,erobertson@example.org,2025-04-09,UK
732,Erika Gonzalez,jerry15@example.org,2025-03-19,UK
733,Sheila Bennett,charlesrichards@example.org,2023-05-07,UK
734,Timothy Gibson,dbrooks@example.net,2025-09-21,Netherlands
735,Derrick Rogers,schwartzbrian@example.org,2023-08-20,Spain
736,Jason Wolf,oliviamunoz@example.net,2023-05-21,France
737,Laura Tran,christophervincent@example.com,2025-11-28,Belgium
738,John Ford,blairjill@example.org,2025-08-21,UK
739,Daniel Pennington,robinvillanueva@example.com,2023-10-18,Germany
740,John Mack,simmonsphillip@example.net,2025-12-28,Germany
741,David Hansen,steelerichard@example.org,2025-07-07,Sweden
742,Matthew Davis,kcaldwell@example.net,2023-06-14,UK
743,Lauren Bray,tingram@example.com,2024-06-05,Germany
744,Lori Padilla,daltonchad@example.net,2023-08-10,France
745,Jeffery Nelson,kristinmiller@example.com,2024-01-19,Spain
746,Tony Leonard,rodriguezmichael@example.net,2025-04-04,Spain
747,Matthew Bush,devonrogers@example.net,2023-03-05,Belgium
748,Todd Carpenter,karenhodges@example.com,2023-05-24,Germany
749,Michael Ramirez,watsonshaun@example.net,2024-02-10,Italy
750,Michael Gregory,shannon51@example.org,2024-08-18,Germany
751,Bobby Hurst,susan11@example.org,2025-09-22,Canada
752,Kathleen Golden,cartertara@example.net,2023-11-18,Sweden
753,Jason Rojas,carterbryan@example.org,2025-11-05,Italy
754,Gabriella Lane,todd88@example.com,2025-07-22,Canada
755,Stephanie Parker,jeremy54@example.org,2024-06-04,Sweden
756,Tyler Montgomery,jennifermitchell@example.org,2023-07-01,UK
757,Mary Hernandez,darylchaney@example.net,2025-07-27,UK
758,Cody Hart,wadetiffany@example.org,2023-06-07,Belgium
759,Carla Turner,sullivanvictor@example.org,2024-03-03,Sweden
760,Brittney Cordova,deborah47@example.com,2025-11-22,Belgium
761,Wendy Estrada,hmorgan@example.net,2025-12-16,France
762,Michael Wilson,moralesmary@example.com,2024-06-27,Germany
763,Lee Lee,kimberlywang@example.org,2024-02-15,Italy
764,Jill Powers,daughertypreston@example.com,2023-02-13,Italy
765,Terri Kerr,raymond65@example.com,2024-01-02,Belgium
766,Gregory Madden,lewispamela@example.net,2024-03-03,Germany
767,Donna Shaffer,achandler@example.org,2026-01-10,Spain
768,Briana Turner,carl96@example.org,2025-07-22,Italy
769,Denise Thompson,wpage@example.org,2023-01-27,Spain
770,Donna Henry,mary47@example.net,2023-08-26,Canada
771,Rick Moore,stephanie71@example.net,2025-04-09,Germany
772,Christopher Knox,anthonyhubbard@example.com,2025-01-18,Spain
773,Patrick Perkins,ooneill@example.net,2026-01-12,France
774,Barbara Hunt,brucefrancisco@example.org,2024-06-24,Sweden
775,Michael Howard,nelsonrobert@example.com,2023-06-29,UK
776,Mark Jones,katiewhite@example.org,2023-03-14,UK
777,Frank Stewart,joseph51@example.net,2024-11-05,Belgium
778,Alexandria Holmes,kimberly65@example.org,2024-10-16,France
779,Daniel Lopez,butlersabrina@example.org,2023-05-12,Italy
780,Karen Collins,don79@example.net,2025-07-04,Belgium
781,Michael Johnson,walkermelissa@example.org,2025-05-05,Belgium
782,Daniel Zavala,yvazquez@example.org,2025-02-11,UK
783,Nicole Williams,johnsondonna@example.net,2023-04-15,Germany
784,David Jones,websterkimberly@example.net,2023-03-25,Italy
785,Cathy Bell,thomasjulie@example.com,2023-09-01,Belgium
786,Christopher Mason,williamjones@example.net,2025-11-23,Italy
787,Michelle Brandt,rachelmedina@example.net,2025-05-04,Sweden
788,Jonathan Zimmerman,helen27@example.net,2023-05-08,Germany
789,Henry Gray,willierussell@example.com,2025-12-03,Canada
790,Chad Farmer,angela01@example.com,2023-06-04,Italy
791,Jesus Fitzgerald,aperez@example.com,2024-07-13,Spain
792,Scott Jacobson,xcrosby@example.org,2026-01-02,Belgium
793,Megan Sanders,wilsonralph@example.net,2023-02-03,Spain
794,Timothy Levine,coxjames@example.org,2024-10-27,Germany
795,Barbara Massey DDS,kathy99@example.com,2024-11-01,France
796,Terri Kelly,garcher@example.com,2025-04-27,Spain
797,Bryan Burns,courtneytaylor@example.org,2023-06-30,Belgium
798,Kathleen Johnson,patrickshelton@example.org,2025-04-06,Belgium
799,Paige Guerrero,msparks@example.com,2023-12-17,UK
800,Dennis Cooper PhD,cisnerosanthony@example.com,2025-01-13,Germany
801,Jerry Farrell,cstevens@example.org,2025-09-09,UK
802,Elizabeth Mccarthy,tjordan@example.net,2024-09-20,Belgium
803,Laura Henry,kalvarez@example.net,2024-03-21,Sweden
804,Kevin Gray,katie45@example.org,2023-03-22,Belgium
805,Russell Bailey,hubbardcolleen@example.com,2023-02-19,Canada
806,Hunter Bell,johnwong@example.net,2023-05-06,Canada
807,Sheila Wilson,andrewnguyen@example.com,2023-04-23,UK
808,Jose Fisher,dominguezbrianna@example.com,2025-01-09,UK
809,Kenneth Stokes,vazquezjamie@example.com,2024-03-08,Germany
810,Gina Mendez,tara37@example.net,2024-07-23,France
811,Sara Herrera,joseph49@example.com,2025-08-04,Sweden
812,Tina Robbins,vargasjoshua@example.net,2025-06-19,Netherlands
813,Daniel Flynn,william46@example.net,2025-06-15,Belgium
814,James Weber,jpowers@example.org,2024-09-02,France
815,Kelli Lopez,vlewis@example.com,2025-09-10,Germany
816,Rhonda Farrell,umichael@example.net,2023-11-09,Italy
817,Joel Allen,megan65@example.org,2023-03-26,France
818,Debra Mitchell,jonathanburke@example.com,2024-12-14,Belgium
819,Alexis Robles,steven86@example.com,2023-10-08,France
820,Christopher Taylor,kristine48@example.org,2024-12-28,Spain
821,Nathan Casey,heathchristopher@example.net,2024-12-25,UK
822,Troy Mosley,sandersmary@example.org,2023-12-12,Canada
823,Kathryn Martinez,tyler13@example.net,2023-10-05,UK
824,Erin Silva,vshaffer@example.org,2023-06-02,Belgium
825,Brian Lewis,scott49@example.org,2025-11-09,Spain
826,Travis Stewart,pwells@example.com,2024-07-09,Sweden
827,Heidi Baldwin,andrew90@example.net,2025-09-08,UK
828,Melissa Mccormick,johnnycruz@example.net,2025-01-14,Germany
829,Robert Martinez,miaprice@example.com,2025-12-04,UK
830,Elizabeth Mayer,kennethvillarreal@example.org,2025-10-31,Netherlands
831,Sherry Wang,rmccormick@example.org,2025-10-18,Sweden
832,Kaitlin Gutierrez,jennifer12@example.net,2025-07-09,Netherlands
833,Jason Daniel,shawn00@example.net,2023-11-01,Netherlands
834,Rachel Taylor,tgonzalez@example.com,2024-12-22,Germany
835,David Reeves,melaniejennings@example.com,2024-10-11,Spain
836,Brandi Thompson,lauren31@example.com,2024-05-28,Netherlands
837,James Davenport,andrewjohnson@example.net,2024-02-26,Sweden
838,Susan Mccann,josechristian@example.org,2024-12-28,UK
839,David Davis,george91@example.org,2024-04-03,Belgium
840,Thomas Chavez,twilson@example.org,2025-03-16,Sweden
841,Rachael Roberts,breyes@example.org,2023-08-16,Canada
842,Diane Byrd MD,bsparks@example.com,2024-11-07,France
843,Jerry Wright,emiller@example.org,2025-12-23,UK
844,Jennifer Lewis,verickson@example.net,2025-08-31,Germany
845,Anthony Cook,thomasgomez@example.net,2023-10-27,Netherlands
846,Linda Goodman,smithwilliam@example.com,2025-11-13,Belgium
847,Jacob Donaldson,carpenterjorge@example.net,2023-12-17,Netherlands
848,John Davis,hthomas@example.com,2024-07-12,Germany
849,Seth Davenport,sara44@example.net,2023-03-09,Sweden
850,Kelly Graham,leslievang@example.org,2025-07-16,Canada
851,Mallory Gonzales,edgarhall@example.org,2024-09-19,France
852,John Wilson,wwilliams@example.net,2024-06-17,Canada
853,Brian Cortez,daviddavis@example.com,2024-09-25,UK
854,Jordan Nelson,brandybonilla@example.net,2023-08-05,Sweden
855,Thomas Sanchez,vrhodes@example.org,2025-05-08,France
856,Mrs. Jacqueline Hickman,hooderic@example.org,2023-11-27,Italy
857,Karen Fuller,brooke05@example.org,2024-06-06,Canada
858,Erika Dennis,jasonwilliams@example.net,2025-01-07,Netherlands
859,Natasha Payne,qdavis@example.org,2023-11-25,UK
860,Jennifer Smith,frankchan@example.com,2023-10-09,UK
861,Brittany Evans,tfitzgerald@example.net,2024-12-28,France
862,Brendan Richardson,tracymcclure@example.com,2024-11-10,Italy
863,Ann Henderson,christina66@example.org,2023-11-09,Belgium
864,John Walker,sarahrose@example.net,2023-03-05,Canada
865,Jeffrey Solomon,ievans@example.net,2024-08-16,Spain
866,Kelly Phillips,arnoldsamantha@example.net,2025-10-04,Belgium
867,Brandon Guerrero,michael91@example.net,2023-05-17,UK
868,Julie Hartman,awilliams@example.net,2023-02-06,UK
869,Jordan Santiago,matthew23@example.org,2023-12-11,Germany
870,Mrs. Megan Hamilton,smithdarryl@example.org,2023-04-15,France
871,Jared Sandoval,nturner@example.com,2025-01-07,Italy
872,Megan Ballard,martinezalexander@example.org,2025-02-14,Spain
873,Chelsea Johnson,pwong@example.org,2025-07-01,Belgium
874,Rachel Lee,kayla27@example.com,2024-05-11,Canada
875,Christian Park,cruiz@example.net,2023-02-12,France
876,Ronald Myers,alan66@example.com,2023-10-12,Canada
877,Kristen Roberts,gross@example.net,2025-04-06,Sweden
878,Susan Dillon,jenniferrice@example.com,2025-03-23,Germany
879,Debra Wong,nwilson@example.net,2024-10-12,Italy
880,Alisha Roberts,taylorkim@example.net,2024-02-03,Germany
881,Gina Guzman,sanderson@example.net,2023-09-17,UK
882,Sandra Nunez,laura29@example.org,2025-03-08,Germany
883,Mary Anderson,ericvasquez@example.com,2023-11-25,Spain
884,David Hawkins DVM,nicole52@example.org,2025-11-17,UK
885,Amanda Brown,owilson@example.org,2025-07-14,Belgium
886,Dr. Richard Hammond,paula89@example.net,2024-09-26,Canada
887,Tracy Lloyd,villegaskimberly@example.net,2023-05-14,Belgium
888,Samantha Williams,jacksondavid@example.org,2025-05-25,Sweden
889,Edgar Alexander,goconnor@example.org,2025-10-13,UK
890,Chad Allison,xmontes@example.org,2024-12-28,UK
891,Gloria Wagner,adamsjennifer@example.com,2023-10-15,Italy
892,Brittany Molina,icobb@example.com,2024-02-18,UK
893,Jimmy Phelps,sherry72@example.org,2024-04-16,Canada
894,Andrea Morgan,kholden@example.com,2025-03-15,Spain
895,Mary May,levinetina@example.net,2023-03-28,Sweden
896,Jennifer Blackwell,jennifer55@example.org,2025-09-05,Italy
897,Lisa Thomas,ngriffin@example.net,2025-07-13,Canada
898,Jessica Reed,trowe@example.org,2024-12-03,Spain
899,Neil Singh,abigailfernandez@example.org,2023-03-01,Germany
900,Kelly Sherman,andrewzamora@example.net,2023-05-01,Belgium
901,Raymond Barber,dennismckenzie@example.com,2024-10-29,Sweden
902,Anthony Curtis,westashley@example.org,2024-12-06,Netherlands
903,Dr. Virginia Cunningham,michaelmitchell@example.net,2024-05-30,Canada
904,James Mclaughlin,murphybrandi@example.com,2024-10-08,Belgium
905,Jeffery Jenkins,brownpamela@example.com,2024-05-31,France
906,Michael Powell,lwiggins@example.com,2023-09-12,Belgium
907,Melissa Gould PhD,jcolon@example.net,2024-12-16,Belgium
908,Beverly Bush,bensonstanley@example.org,2023-06-08,UK
909,Jaclyn Crane,xrodriguez@example.net,2025-04-16,Spain
910,Autumn Torres,kevin70@example.org,2023-12-03,UK
911,Amber Shannon,jason70@example.org,2023-06-24,Canada
912,Andrew Olson,ariel56@example.com,2024-09-10,UK
913,Brandi Taylor,qgill@example.com,2025-07-21,Netherlands
914,Ann Weber,zhughes@example.com,2023-07-02,Netherlands
915,Stacy Fitzgerald,clinejasmine@example.net,2024-09-03,Canada
916,Ellen Brewer,leechristine@example.net,2024-12-09,Canada
917,Kelly Christensen,martinezsharon@example.org,2025-04-28,Sweden
918,Daniel Gallegos,imiller@example.net,2025-12-08,UK
919,Katherine Peck,samuel60@example.net,2024-01-05,Netherlands
920,Brian Garcia,justinwhite@example.org,2024-01-02,Italy
921,Meghan Brown,howard04@example.com,2023-07-07,Italy
922,Steven Scott,williamsjohn@example.net,2023-05-08,Sweden
923,Paul Cruz Jr.,floresangela@example.org,2024-10-22,Italy
924,David Mercado,angela91@example.org,2024-07-03,Sweden
925,Beth Carroll,omiller@example.net,2025-05-04,France
926,Jacqueline Galloway,amandahenderson@example.net,2023-08-30,Netherlands
927,John Calderon,denise20@example.org,2024-05-28,UK
928,Mr. Ryan James,megan39@example.net,2025-11-07,Sweden
929,Joseph Jones,fosterdavid@example.org,2023-11-24,Sweden
930,Dr. Christine Wagner PhD,cynthia74@example.org,2025-03-23,Spain
931,Daniel Haley,allen20@example.net,2025-01-14,UK
932,Megan Gutierrez,ifarmer@example.org,2024-06-24,France
933,Angela Johnson,wchambers@example.com,2025-05-31,Spain
934,Christopher Tate,martinezmitchell@example.org,2025-07-14,Canada
935,Alejandro Campbell,james94@example.net,2024-05-20,Netherlands
936,Tracy Johnson,tconway@example.net,2023-09-19,Germany
937,Roberto Foster,ashley72@example.net,2023-09-05,UK
938,Megan Morrison,cameronanderson@example.org,2023-08-20,Germany
939,Savannah Ibarra,james08@example.net,2023-06-08,Canada
940,Jordan Pace,nashmarcus@example.com,2023-10-23,UK
941,Julie Ward,stephensonjeffrey@example.com,2023-11-16,France
942,Emily Myers,christopher90@example.net,2025-10-21,Spain
943,Tina Stark,frankcollins@example.net,2023-09-24,Sweden
944,Jeffrey Johnson,mary31@example.com,2024-12-04,Spain
945,Anthony Cook,sherryparsons@example.net,2023-10-08,Germany
946,Jeremy Martinez,rangelnicholas@example.net,2024-05-14,UK
947,Thomas Ramos,cheryl61@example.org,2023-04-01,Belgium
948,Elizabeth James,williamsonrobert@example.net,2025-01-30,Netherlands
949,Jody Marshall,nhobbs@example.org,2025-05-31,Sweden
950,Rachel Gibson,briana11@example.org,2024-01-26,Germany
951,Richard Lee,danascott@example.com,2024-11-01,Netherlands
952,Charlene Taylor,brownlarry@example.com,2024-06-30,Canada
953,Heather Silva,dylanparker@example.com,2024-08-03,Sweden
954,Kelly Sandoval,brianhunter@example.net,2023-12-04,Netherlands
955,Craig Gonzalez,kristenpeterson@example.net,2025-08-17,UK
956,Julie Schwartz,christina65@example.org,2024-06-23,Canada
957,Susan Crawford,fowlerheather@example.com,2023-05-14,France
958,Nicholas Cisneros,lindsay63@example.com,2024-12-03,Germany
959,Heidi Jones MD,thomasscott@example.net,2023-08-09,Italy
960,Amanda Johnson,justinrobinson@example.com,2024-10-22,Belgium
961,Julian White,thompsonjose@example.org,2025-03-17,Italy
962,Jamie Cobb,morganjason@example.com,2023-02-11,Germany
963,Mary Pugh,ejohns@example.org,2023-10-09,Sweden
964,Rebecca Lee,ubenson@example.net,2023-06-27,Germany
965,Tammy Hines,melissaphillips@example.org,2024-05-04,Germany
966,Robert Salas,fclark@example.com,2024-01-13,UK
967,Carol Hughes,victor72@example.com,2025-06-04,Spain
968,Karen Sosa,zadams@example.net,2025-03-10,Belgium
969,Amanda Robinson,shannonyoung@example.org,2025-10-24,France
970,Laura Walls,jonathan12@example.org,2023-12-21,France
971,Crystal Williams,ronald76@example.com,2023-12-09,Netherlands
972,Mr. Alexander Alexander III,howardchristopher@example.net,2024-02-26,France
973,Rachel House,wilsonmichael@example.net,2024-08-03,Belgium
974,Gary Turner,james92@example.net,2023-08-27,Netherlands
975,Alexa Evans,krista66@example.net,2025-04-09,Netherlands
976,Matthew Hays,michelleperez@example.net,2025-04-28,Sweden
977,Jose Hartman,dsharp@example.com,2025-04-19,Spain
978,Cole Carrillo,cclark@example.net,2025-06-05,Italy
979,Shane Torres,porterdonna@example.com,2023-02-21,Canada
980,Michael Powell,mark09@example.org,2024-01-27,Sweden
981,Troy Rivera,nbaird@example.com,2025-10-25,Spain
982,John Murphy,tfowler@example.org,2023-03-30,Spain
983,Cassandra Serrano,mjohnson@example.org,2023-07-26,Spain
984,Daniel Carter,gibsonmiguel@example.org,2025-10-13,Germany
985,Jennifer Moore,andersonrobert@example.net,2023-07-27,Sweden
986,Sharon Anderson,kylemeyers@example.net,2023-04-05,Italy
987,Teresa Matthews,ahill@example.org,2024-06-22,UK
988,Lisa Wright,renee77@example.com,2024-05-22,Spain
989,Donna Ibarra,treed@example.com,2024-10-11,Italy
990,Sarah Perry,rachelquinn@example.com,2024-03-23,UK
991,Melissa Davis,allenmonica@example.com,2024-03-16,Belgium
992,Mary Jones,reginajenkins@example.net,2025-09-12,UK
993,Pedro Gordon,robert24@example.org,2023-06-01,Belgium
994,Benjamin Neal,vjames@example.com,2024-07-27,France
995,Adam Wilson,markgoodman@example.com,2025-08-14,UK
996,Matthew Reeves,rtaylor@example.org,2024-06-08,Belgium
997,Brian Phillips,qjackson@example.org,2023-07-25,Canada
998,Hunter Robinson,staffordamanda@example.com,2025-01-30,Spain
999,Robin Davidson,myerskyle@example.org,2025-02-20,Germany
1000,James Harris,nicholasallen@example.org,2024-11-05,UK
1001,Adrian Hoover,walkernicole@example.net,2023-02-06,Netherlands
1002,Jason Rodriguez,marcus39@example.org,2023-07-22,Belgium
1003,Jeffrey Hall,kellyglenn@example.com,2025-11-08,Sweden
1004,Daniel Robinson,debra50@example.org,2025-01-05,Belgium
1005,Randall Porter,marquezkylie@example.net,2025-09-15,UK
1006,Lindsay Jarvis,xgregory@example.net,2023-07-26,Belgium
1007,Philip Watts,bjones@example.net,2023-06-14,Italy
1008,Jorge Harmon,hallchristina@example.org,2025-10-14,Sweden
1009,Nicole Harvey,taylorvictor@example.org,2023-12-24,UK
1010,Andrew Mclean,vstevenson@example.org,2023-07-05,Germany
1011,Paige Meyer,swong@example.org,2023-11-20,Italy
1012,Grace Harris,knoxelizabeth@example.org,2023-09-27,Sweden
1013,Courtney Salas,isaiah01@example.com,2025-06-15,Netherlands
1014,Mark Thomas,davidthompson@example.net,2023-04-06,Belgium
1015,Cynthia Miller,ucollins@example.org,2025-07-18,Belgium
1016,David Mitchell,mfaulkner@example.com,2023-10-15,France
1017,Dr. Ian Gray,galexander@example.net,2025-08-21,Sweden
1018,Sally Leon,gillronald@example.org,2025-04-03,Belgium
1019,Linda Hernandez,jonathanford@example.com,2025-04-29,France
1020,Karen Cook,mgonzalez@example.org,2023-11-26,France
1021,Molly Henry,vbentley@example.com,2023-02-03,UK
1022,William Jones,riddledavid@example.net,2024-03-15,Belgium
1023,Tina Wise,william75@example.net,2023-07-16,Italy
1024,Jeff Wright,xjohnson@example.net,2023-03-24,Netherlands
1025,Max Hernandez,jblackburn@example.com,2025-03-03,Italy
1026,Mary Martin,wisedawn@example.com,2023-10-17,Italy
1027,Stephanie Stone,nancymartin@example.com,2024-03-30,Belgium
1028,Walter Barrett,uwillis@example.com,2023-10-23,Spain
1029,Sheila Rodriguez,lisa43@example.net,2025-04-22,Germany
1030,William Velasquez,daviskim@example.com,2024-03-30,France
1031,Morgan Jackson,jacob23@example.com,2024-08-16,Belgium
1032,Joanne Olsen,jamesbrady@example.org,2023-08-07,UK
1033,Jennifer Sims,oneillgabriel@example.com,2023-10-30,France
1034,Austin Johnson,timothychambers@example.org,2023-04-23,Netherlands
1035,Tyler Ortega,davisalexa@example.org,2023-01-30,Spain
1036,Tonya Adams,vkennedy@example.net,2024-03-06,Germany
1037,Steve Key,shelleyortega@example.com,2024-05-04,Belgium
1038,Shelley Drake,bryantholly@example.net,2024-11-18,Netherlands
1039,Allison Martinez,stephanie35@example.com,2025-07-22,Sweden
1040,Karen Gutierrez,aaronlittle@example.com,2024-11-27,Spain
1041,Angel Aguirre,erica39@example.com,2023-02-07,Italy
1042,Angela Patterson,shatfield@example.org,2024-04-02,Spain
1043,Cory Thomas,andersonlaura@example.com,2025-04-03,Canada
1044,Victoria Owens DVM,olsonamber@example.org,2025-07-19,Netherlands
1045,Mary Davis,bholder@example.org,2023-09-08,Canada
1046,James Ramirez,elizabeth12@example.net,2025-11-02,Canada
1047,Robert Cook II,schneidernicholas@example.net,2024-12-13,Belgium
1048,Martha Glover,ostokes@example.com,2025-04-12,Spain
1049,Brandon Yang,juliewilson@example.com,2023-05-26,Belgium
1050,James Mclaughlin,bryan83@example.com,2023-06-08,UK
1051,Jacob Shelton,aprilguzman@example.org,2025-12-27,Belgium
1052,Samuel Stewart,mary77@example.org,2023-05-16,Netherlands
1053,Maurice Solis,georgekyle@example.net,2024-11-08,Germany
1054,Michelle Mendoza DVM,ycarter@example.org,2023-06-04,UK
1055,Ronald Clark,isabellawilliams@example.org,2025-12-29,Germany
1056,Elizabeth Briggs,vickiekelley@example.com,2025-08-15,Spain
1057,Gregory Myers,rosejustin@example.net,2024-04-26,Italy
1058,Kimberly Davis,karen90@example.net,2025-10-26,Sweden
1059,Laura Ramos,jcarter@example.org,2023-12-18,Canada
1060,Nancy Smith,gregoryvanessa@example.org,2023-09-15,Netherlands
1061,Miss Carol Brown,terri20@example.org,2024-03-07,Germany
1062,Leslie Booker,hsanchez@example.org,2025-12-28,Sweden
1063,Kyle Thompson,yparsons@example.net,2024-03-29,France
1064,Sharon Santos,cynthia75@example.org,2025-01-10,Belgium
1065,John Barnett,andrewberry@example.net,2023-05-31,Canada
1066,Anna Watkins,pwashington@example.net,2024-06-28,Germany
1067,Ariana Brown,richardhaynes@example.com,2024-05-08,UK
1068,Robin Freeman,molinajared@example.net,2024-09-19,Netherlands
1069,Kyle White,hmcbride@example.org,2025-09-28,Belgium
1070,Christopher Hart,millerdavid@example.com,2023-06-10,Sweden
1071,Jenny Landry,wrightbrandon@example.net,2024-02-22,Netherlands
1072,Joseph Taylor,hneal@example.com,2025-10-06,Germany
1073,Melissa Bates,youngjacob@example.com,2024-11-13,Italy
1074,Chad Arnold,joshua96@example.org,2025-08-14,UK
1075,Matthew Martin,qmiller@example.net,2024-09-13,France
1076,Kimberly Jones,wanda35@example.net,2024-04-29,Canada
1077,Lisa Barnes,lesliefrench@example.com,2025-01-08,Netherlands
1078,Angela Martinez,suttonrichard@example.com,2023-02-17,Italy
1079,Gavin Nelson,joshuagarcia@example.org,2024-12-20,Germany
1080,Timothy Thompson,brianna71@example.net,2024-03-09,UK
1081,Diane Nelson,mosleygeorge@example.com,2024-02-06,Belgium
1082,Megan Kramer,iwoods@example.com,2023-08-05,Sweden
1083,Brittney Martinez,rbradley@example.org,2023-01-30,Germany
1084,Jacqueline Waters,lmann@example.com,2025-10-21,Spain
1085,Kathryn Hill,tmeyer@example.org,2026-01-03,France
1086,Theresa Russell,megan11@example.net,2023-12-20,France
1087,Kenneth Miller,angela70@example.com,2023-10-09,Belgium
1088,Breanna Jimenez,sullivanchristina@example.net,2025-01-30,UK
1089,Joseph Reed,lawsontami@example.net,2023-01-27,Germany
1090,Stephanie Thompson,mary85@example.org,2025-11-03,Germany
1091,James Wilson,marierosales@example.org,2024-04-26,Italy
1092,Mr. Aaron Welch,trobinson@example.net,2023-12-03,Canada
1093,Taylor Stafford,abrown@example.net,2024-08-06,Spain
1094,Brian Bailey,richardsmith@example.com,2024-06-07,Sweden
1095,Jose Hernandez,gentryadam@example.net,2024-07-11,UK
1096,James Diaz,amandaadams@example.com,2023-10-20,Netherlands
1097,Charles Burgess,howardmonica@example.org,2025-01-07,Canada
1098,Casey Fisher,rachel23@example.com,2023-05-21,Sweden
1099,Mrs. Katherine Simpson,markduran@example.com,2025-12-05,Spain
1100,Sarah Price,rosariolaura@example.org,2024-07-22,Sweden
1101,Pamela Young,russell90@example.com,2023-07-09,Germany
1102,Bradley Patterson,jessicalopez@example.com,2024-06-28,UK
1103,Wendy Wright,tgonzalez@example.org,2025-05-08,Sweden
1104,Catherine Riddle,jeromeanderson@example.org,2025-02-25,Belgium
1105,Charles Smith,christopherwilliams@example.com,2023-11-15,France
1106,Veronica Walker,gmendoza@example.com,2024-08-16,Netherlands
1107,Derrick Ramirez,jennifer35@example.org,2024-12-25,Italy
1108,Matthew Morris,thomas91@example.com,2023-08-07,UK
1109,Heidi Torres,caldwellfelicia@example.org,2023-08-10,UK
1110,Heather Maxwell,john43@example.net,2024-01-17,Italy
1111,Bianca Newton,williamstanya@example.net,2024-03-15,Netherlands
1112,Jeremy Garcia,kevin73@example.net,2025-07-03,Germany
1113,Corey Pierce,patricia85@example.com,2025-03-19,Netherlands
1114,Susan Jones,gmills@example.org,2024-05-25,Canada
1115,Walter Roberts,bauerheather@example.net,2023-07-21,Netherlands
1116,Joseph Palmer Jr.,ychristensen@example.net,2025-06-29,France
1117,Devon White,ashleyvargas@example.org,2025-05-22,Sweden
1118,Joy Zimmerman,kevin34@example.net,2025-09-08,Belgium
1119,Danny Ferguson,benjamin24@example.org,2023-11-10,Italy
1120,Maria Wright,amandasmith@example.com,2023-11-12,Germany
1121,Erika Potts,jennifer69@example.com,2024-12-12,UK
1122,Robert Holloway,jessicaramirez@example.com,2024-01-10,Germany
1123,Veronica Osborne,sharphailey@example.net,2025-12-18,Italy
1124,Lindsey Harris,rwalker@example.org,2023-10-28,France
1125,Nicole Moore,jessicahamilton@example.org,2024-10-17,France
1126,Christopher Lopez,jacobhenry@example.net,2025-10-03,Netherlands
1127,Eric Mcclure,mmcdaniel@example.org,2023-08-05,Italy
1128,Jesse Brewer,hgarcia@example.org,2023-06-26,Spain
1129,Lindsey Gray,rodriguezalexander@example.net,2025-03-25,Italy
1130,Randy Adams,sparksalbert@example.org,2025-11-08,Germany
1131,Sarah Miller,timothyhart@example.com,2024-09-04,Canada
1132,John Sanchez,courtney10@example.org,2025-06-30,Italy
1133,Jorge Copeland,aaronwalker@example.org,2023-05-12,Italy
1134,Matthew Perez,tmcdaniel@example.org,2024-05-01,Italy
1135,Courtney Huber MD,gilbertdavid@example.org,2024-07-11,Netherlands
1136,Cassandra Moreno,erinhernandez@example.net,2025-09-26,Spain
1137,Donna Hutchinson,sabrina54@example.net,2025-02-10,France
1138,Shannon Spence,lukemyers@example.net,2025-06-12,Belgium
1139,Robin Wilson,rmoyer@example.org,2025-06-10,Spain
1140,Catherine Cruz MD,aolson@example.net,2023-04-29,Spain
1141,Robert Valdez,patrickdunn@example.net,2025-06-06,Canada
1142,Samantha Cruz,xrose@example.net,2024-08-26,Belgium
1143,Brandon Ward,victoriasmith@example.net,2025-06-26,Spain
1144,Brian Pruitt,melinda24@example.com,2024-06-21,Germany
1145,Valerie Durham,jasonwalker@example.net,2023-06-26,France
1146,Michele Bennett,hortonroger@example.org,2023-06-19,Spain
1147,Angela Monroe,anthonydiaz@example.org,2025-02-26,France
1148,Ronald Butler,terrytaylor@example.net,2023-10-15,Netherlands
1149,Jason Rogers,mitchelleric@example.net,2025-02-22,Italy
1150,Kathy Smith,dfrazier@example.net,2023-02-24,Netherlands
1151,Kenneth Torres,rodneymoore@example.org,2025-03-08,France
1152,Beth Lewis,robinsonisaiah@example.net,2024-08-13,Spain
1153,Angela Schwartz,pedwards@example.com,2025-12-23,Belgium
1154,Robert Lucas,josephgarcia@example.com,2025-07-13,France
1155,Alyssa Campbell,jonescarla@example.com,2024-11-10,Spain
1156,Timothy Allen,davilaannette@example.net,2023-08-13,Sweden
1157,Mr. Brandon Parker,karen68@example.org,2026-01-04,Canada
1158,Henry Anderson,riverapeggy@example.net,2023-12-30,Germany
1159,Brittany Matthews,cwoods@example.com,2023-05-10,Germany
1160,Angela Garrett,nicoleaguirre@example.net,2023-07-15,UK
1161,Wendy Mason,seth25@example.com,2023-06-23,UK
1162,Jessica Macdonald,nallen@example.net,2024-02-18,Netherlands
1163,Mark Jimenez,thomasmonica@example.net,2023-04-12,Canada
1164,Stephanie Porter,sedwards@example.org,2025-08-26,Germany
1165,Heather Jones,escott@example.com,2023-04-04,UK
1166,Thomas Case,swilliams@example.com,2025-05-04,Canada
1167,Melanie Alexander,nathaniel68@example.com,2024-04-11,Italy
1168,Melanie Oliver,figueroajohn@example.net,2023-11-03,France
1169,Donna Moore,onash@example.com,2023-01-28,Canada
1170,Hannah Mcdonald,lrodriguez@example.net,2025-09-03,Belgium
1171,Jennifer Hamilton,umurphy@example.com,2023-05-18,UK
1172,Dr. John Ramirez,gardnerstacy@example.org,2026-01-15,France
1173,Andre Burke,zbrown@example.com,2024-12-21,France
1174,Cindy Lewis,cisnerosgabriela@example.com,2025-06-02,UK
1175,Charles Hill,evansjennifer@example.com,2023-10-23,Sweden
1176,Debbie Rivas,jacobsonroy@example.com,2024-08-16,Sweden
1177,Jason Alvarez,tammykim@example.net,2023-07-19,Germany
1178,Kristina English,christiancontreras@example.net,2024-10-05,UK
1179,Samantha Navarro,alexis72@example.com,2023-06-27,UK
1180,Wayne Russell,mcneilsherry@example.org,2025-08-23,Germany
1181,Laura Johnson,robertpayne@example.org,2024-12-14,Germany
1182,Daniel Lee,woodmichael@example.com,2024-11-08,Netherlands
1183,Sharon Lyons,wgutierrez@example.com,2025-09-27,Spain
1184,William Rogers,stephenbrooks@example.net,2025-07-14,Germany
1185,Jane Bruce,swalters@example.net,2024-11-01,Spain
1186,Annette Miller,davisallen@example.com,2025-11-12,Belgium
1187,Loretta Gardner,zgordon@example.org,2023-05-13,Canada
1188,Christy Frank,ewilson@example.org,2025-01-20,Netherlands
1189,Julie Odonnell,xsmith@example.org,2024-02-07,Sweden
1190,Matthew Parker,anunez@example.com,2024-07-28,Canada
1191,Richard Randall,matthew96@example.org,2023-02-24,Belgium
1192,Luis Long,solisbecky@example.org,2024-09-19,UK
1193,Nicholas Powell,zachary63@example.org,2025-11-13,Canada
1194,Bryan Ray,ocameron@example.com,2025-03-07,Sweden
1195,Frank Davis,kimcristina@example.net,2025-07-24,Germany
1196,Kimberly Compton,ujohnson@example.org,2023-07-06,Germany
1197,Paula Lopez,kennethnichols@example.org,2025-12-31,Canada
1198,Jamie Green,hillsavannah@example.net,2025-03-25,Italy
1199,Dr. Ashley Ho,rodriguezjustin@example.org,2023-02-14,Sweden
1200,Isaiah Massey MD,apope@example.org,2023-05-01,UK
1201,Christine Barnes,cynthia72@example.org,2024-07-05,Italy
1202,Mary Welch,wilsonmatthew@example.com,2023-12-13,Sweden
1203,Kimberly Moore,sara39@example.org,2024-07-02,Netherlands
1204,Paige Robinson,danny30@example.com,2024-08-28,UK
1205,Michael Martinez,timothy15@example.net,2023-06-20,Sweden
1206,Patrick Simpson,qnielsen@example.org,2024-09-14,Sweden
1207,Michelle Hayden,silvakatie@example.com,2023-08-24,Germany
1208,Nathan Hamilton,vhenderson@example.com,2023-07-20,Netherlands
1209,Lisa Patterson,nathaniel17@example.org,2025-07-01,Sweden
1210,Dawn Ortiz,raymond12@example.com,2025-09-19,Netherlands
1211,David Lewis,nathan51@example.org,2024-05-04,Belgium
1212,Gary Marshall,rachel81@example.com,2024-01-03,Netherlands
1213,Daniel Hoffman,berrydebbie@example.net,2023-11-26,Spain
1214,Francisco Gonzalez,rjimenez@example.com,2025-04-27,UK
1215,Kyle Garza,barbaramitchell@example.net,2023-05-30,Germany
1216,Abigail Murray,meaganpowell@example.net,2025-05-26,Germany
1217,Matthew Jones,gallegosrobert@example.com,2025-10-21,Germany
1218,Jennifer Hawkins,troy06@example.com,2023-11-16,Germany
1219,Samuel Coffey,cameronsharon@example.org,2025-02-20,Sweden
1220,Adam Garcia,michelle63@example.org,2023-02-21,Germany
1221,Robin Cabrera,villamiranda@example.com,2023-04-26,Netherlands
1222,Anthony Torres,mark96@example.com,2025-09-13,Spain
1223,Lauren Wilson,michelle96@example.net,2025-02-23,Canada
1224,Joseph Lane,ubray@example.net,2024-05-23,France
1225,Ralph Dawson,angelica33@example.net,2024-07-01,Canada
1226,Amy Smith,taylorcruz@example.com,2023-04-15,Canada
1227,Kevin Rose,kathleen47@example.net,2023-05-14,Netherlands
1228,Suzanne Robinson,paul79@example.net,2023-07-07,Germany
1229,Barry Henderson,stephanie91@example.org,2023-08-30,Sweden
1230,Brian Smith,blopez@example.com,2024-06-07,Netherlands
1231,Derek Mcintosh,gomezjason@example.com,2025-01-13,Sweden
1232,Amy Nelson,williamspatrick@example.com,2024-07-22,France
1233,Christopher Hill,gstone@example.net,2023-08-20,Belgium
1234,Brian Wilson,johnstonjohn@example.net,2023-03-15,Belgium
1235,Manuel Baldwin,olong@example.net,2023-05-10,Netherlands
1236,Kathleen Jackson,michaelroberts@example.net,2025-07-10,Germany
1237,Cody Velez,sstevenson@example.org,2023-12-01,Canada
1238,Carol Cook,athomas@example.net,2023-07-25,Italy
1239,Christopher Baker,jacksonkathleen@example.org,2024-06-22,Spain
1240,Lauren Freeman,thomaswilliams@example.org,2024-10-31,UK
1241,Sara Fox MD,kimberlygarcia@example.net,2024-10-02,Italy
1242,Gregory Gardner DDS,michael05@example.com,2024-01-22,Germany
1243,Patricia Vincent,rrodriguez@example.net,2025-03-07,Netherlands
1244,William Chase,michaeljohnson@example.net,2025-03-27,Canada
1245,Heather Garner,samanthagray@example.org,2025-04-10,Netherlands
1246,Meghan Nolan,harcher@example.org,2025-12-12,Germany
1247,Stacy Myers,rlandry@example.com,2023-11-06,Belgium
1248,Mia Flowers,hamiltonspencer@example.com,2023-08-16,Italy
1249,Kathryn Jennings,hbecker@example.com,2023-12-01,Sweden
1250,Elizabeth Roberts,alexis03@example.com,2024-12-03,Canada
1251,John Smith,donna00@example.com,2025-07-11,Canada
1252,Rachel Shaw,stephaniereeves@example.org,2023-06-19,France
1253,Kevin Miller,antoniofitzpatrick@example.org,2026-01-14,Belgium
1254,Jenny Rasmussen,orozcosamantha@example.net,2025-06-26,France
1255,Meghan Morris,feliciagonzalez@example.org,2023-12-26,Spain
1256,Eric Evans,ygardner@example.com,2024-04-19,Belgium
1257,Melissa Gordon,taylor67@example.com,2023-05-05,Belgium
1258,Thomas Johnson,idavis@example.net,2025-12-07,Netherlands
1259,Lauren Watson,brian62@example.com,2025-10-08,Netherlands
1260,Phillip Holmes,millerjoseph@example.net,2025-01-22,France
1261,Samantha Cunningham,michelle19@example.net,2023-05-17,Spain
1262,Meredith Black,rtaylor@example.net,2024-08-01,Spain
1263,Eric Hays,shaffercindy@example.org,2025-08-10,Sweden
1264,Larry Martinez,wrightdale@example.org,2023-05-25,Germany
1265,Anthony Martinez,lwebb@example.org,2025-07-19,Spain
1266,Samantha Maldonado,reynoldsdaisy@example.org,2025-07-29,France
1267,Cynthia Hunt,thomasroberts@example.net,2023-06-24,Germany
1268,Holly Hill,gwolfe@example.com,2023-05-09,Canada
1269,Alfred Bryant,tsmith@example.org,2024-04-20,Italy
1270,Lisa Williams,sydney77@example.com,2024-12-26,Sweden
1271,Jonathan Callahan,michaelmccarthy@example.com,2023-01-29,Sweden
1272,Christian Rios,stephen24@example.net,2024-08-03,UK
1273,Thomas Brewer,mestes@example.net,2023-12-17,Netherlands
1274,Katie Hopkins,david59@example.net,2023-08-05,Spain
1275,Jennifer Williams,jesseortega@example.com,2024-02-05,Netherlands
1276,Peter Zavala,danielgilmore@example.net,2025-11-07,Belgium
1277,Jennifer Brown,danny17@example.com,2025-09-23,Netherlands
1278,Tammy Morris,ogray@example.net,2024-11-14,Germany
1279,John Shelton,jamesmartin@example.net,2024-09-20,France
1280,Kevin Soto,harrislisa@example.org,2025-06-23,Spain
1281,Joshua Jones,faithrosario@example.net,2024-02-17,Spain
1282,Ronnie Hudson MD,michael82@example.org,2024-12-23,France
1283,Shelly Carroll,kimberlyevans@example.org,2024-05-14,Germany
1284,Joshua Johnson,sandra46@example.net,2024-07-19,Belgium
1285,Brooke Roberts,melissafrederick@example.net,2024-02-15,UK
1286,Kimberly Snow,qgiles@example.net,2023-12-27,Sweden
1287,Dean Cook,tayloramy@example.net,2023-02-21,UK
1288,Susan Brown,kjones@example.net,2024-01-15,UK
1289,Amanda Zavala,ngeorge@example.org,2025-02-27,Sweden
1290,Carl Cummings,johnsonwilliam@example.net,2025-09-17,Belgium
1291,Richard Walter,andrewbrown@example.org,2024-02-07,Italy
1292,Melanie Rojas,xwilliams@example.com,2024-08-26,Canada
1293,Jeffery Taylor,nwilson@example.com,2025-02-19,Germany
1294,Thomas Allen,chapmanjeremy@example.net,2024-02-09,Netherlands
1295,Kimberly Williams,marksjohn@example.org,2025-04-23,Sweden
1296,Christopher Williams,carrie34@example.org,2023-04-13,Germany
1297,Bryan Jones,shawna37@example.net,2024-11-13,Belgium
1298,Thomas Robinson,shelly84@example.net,2025-04-04,UK
1299,Emma Weaver,brownrachel@example.net,2023-10-14,Canada
1300,Mr. Thomas Skinner,kevintran@example.org,2025-11-25,Belgium
1301,Brenda Spence,dsantos@example.org,2024-03-02,France
1302,Debra Chapman,margaret10@example.com,2023-02-12,Italy
1303,Albert Reyes,nwilliams@example.com,2025-08-12,Sweden
1304,Anthony Torres,sharon95@example.com,2023-08-09,France
1305,Nicole Peterson,yglenn@example.net,2025-06-25,France
1306,Renee Tran,michele87@example.com,2025-11-01,Italy
1307,Kelly Martin,pmcdonald@example.org,2024-10-07,Belgium
1308,Michael Hill,kelseyphillips@example.net,2025-10-09,Italy
1309,Heidi Hopkins,martinezashley@example.com,2024-03-27,Spain
1310,Jill Smith,owenstammy@example.com,2025-07-23,Belgium
1311,Jennifer Riley,hillcheryl@example.com,2024-12-18,Belgium
1312,David Buchanan,misty23@example.net,2025-11-28,Netherlands
1313,Mary Hall,lopezwilliam@example.com,2023-07-30,Germany
1314,Mitchell Brown,theresa05@example.net,2024-10-15,France
1315,Hannah Jones,ewilson@example.org,2025-03-16,UK
1316,Sandra Becker,maynancy@example.org,2023-08-31,Sweden
1317,Heather Hester,thomas49@example.org,2023-02-16,Spain
1318,Timothy Buck,rodriguezjason@example.com,2023-07-14,Spain
1319,Katie Perkins,shelby69@example.org,2024-08-01,Sweden
1320,Phillip Banks,benjaminvictoria@example.net,2025-01-08,Canada
1321,Kimberly Barnes,abbottallison@example.org,2024-07-24,Italy
1322,Kelly Stewart,marycarter@example.org,2024-11-14,Canada
1323,Vanessa Hall,kaitlin13@example.com,2024-01-14,Canada
1324,Heidi Bell,melendezdenise@example.net,2025-04-01,Netherlands
1325,Crystal Carey,sarasanchez@example.com,2023-09-29,Germany
1326,Lisa Flynn,lee16@example.com,2025-01-27,Sweden
1327,Johnny Keith,rachelwalter@example.org,2024-07-26,France
1328,Ralph Dawson,inewton@example.org,2023-07-21,Sweden
1329,Christopher Jones,wstrong@example.org,2025-07-21,France
1330,Michelle Wilson,brittany91@example.net,2024-04-04,UK
1331,Heather Cole,vmccoy@example.com,2023-03-10,Germany
1332,Chad White,hernandezalan@example.net,2023-12-02,Netherlands
1333,Jamie Gonzales,shirley13@example.com,2024-02-29,Sweden
1334,Joseph Fox,ymitchell@example.com,2024-07-13,Sweden
1335,Amanda Landry,russellramirez@example.net,2025-04-28,Sweden
1336,Christopher Roberts,kgonzales@example.com,2023-12-30,Belgium
1337,Larry Rodriguez,elizabeththomas@example.org,2025-11-13,Germany
1338,Caroline George,moyeramber@example.org,2024-09-15,Sweden
1339,Allison Harris,hdennis@example.org,2023-01-27,France
1340,Brian Mccarthy,wallaceryan@example.com,2025-07-17,Netherlands
1341,Donald Barnett,linda31@example.com,2023-04-25,Spain
1342,Jesse Moss,mannleroy@example.org,2023-07-10,UK
1343,Rebecca Stewart,averycourtney@example.org,2024-05-08,Netherlands
1344,Tony Nunez,theodore72@example.net,2023-06-18,Germany
1345,Mark Davis,aaronjones@example.net,2024-07-16,Sweden
1346,Amanda Watts,pwelch@example.net,2024-11-19,Germany
1347,Tiffany Humphrey,nancycontreras@example.com,2024-02-05,Italy
1348,Howard Castillo,robinsonsydney@example.com,2025-06-10,Sweden
1349,David Coleman,stevenflores@example.org,2024-04-23,Sweden
1350,Carl Khan,rburke@example.org,2024-02-04,Canada
1351,Daniel Rosales,xbrown@example.com,2023-02-20,Germany
1352,James Ramos,dgreen@example.com,2023-11-02,Sweden
1353,Mark Williams,kortiz@example.org,2024-07-04,Belgium
1354,Ashley Donaldson,david80@example.net,2024-08-28,Netherlands
1355,Richard Cook,katie81@example.net,2023-02-12,Italy
1356,Joseph Galloway,oheath@example.com,2023-03-14,Netherlands
1357,Erin Lewis,shelbyjohnson@example.org,2025-06-15,Spain
1358,Kathryn Moody,moorekevin@example.org,2025-04-25,Germany
1359,Amanda Brady,irios@example.net,2024-12-11,Canada
1360,Angela Wagner,vsmith@example.net,2025-09-05,Germany
1361,Noah Sparks,marievillarreal@example.com,2024-11-12,Canada
1362,Elizabeth Stevens,bakerdiana@example.com,2024-04-29,Canada
1363,Daniel Russell,timothy88@example.org,2024-03-07,Italy
1364,Monica Bean PhD,chavezbecky@example.org,2024-03-13,Netherlands
1365,Jacob Hart,martin11@example.net,2024-03-30,Netherlands
1366,Katherine Wright,richardmassey@example.net,2023-07-24,Spain
1367,Crystal Saunders,robert52@example.org,2025-03-21,Italy
1368,Jennifer Smith,karinorton@example.net,2024-01-06,Germany
1369,Cynthia Murray,vrobertson@example.net,2024-07-20,Spain
1370,Michael Bennett,martinkaitlin@example.org,2023-04-19,Belgium
1371,Ashley Mcclure,zjackson@example.net,2023-08-24,Italy
1372,Kimberly Ross,david44@example.net,2024-07-06,Spain
1373,Kristy Martin,alexandra39@example.net,2024-01-08,Spain
1374,Kaitlyn Clark,sara22@example.net,2024-03-01,Germany
1375,Evan White,ajones@example.com,2025-03-13,Spain
1376,Brandon Ellis,browntaylor@example.org,2025-02-26,UK
1377,Sophia Cooper,reillyjoshua@example.com,2023-04-03,UK
1378,Marcus Powell,ann31@example.net,2024-10-20,UK
1379,Diana Baker,martinezalexa@example.net,2023-07-05,Netherlands
1380,Raymond Vargas,tammy97@example.org,2025-05-07,Netherlands
1381,Virginia Davis,douglasalvarez@example.org,2023-07-23,Spain
1382,Amy Hunt,ecoleman@example.com,2024-01-09,UK
1383,Cynthia Long,wmccarthy@example.com,2023-12-17,Germany
1384,Blake Jacobs,stephaniedougherty@example.com,2025-07-26,UK
1385,Kristina Henry,gina86@example.net,2025-03-08,UK
1386,Jacob Owens,jessica39@example.net,2024-02-05,Belgium
1387,Cheryl Brooks,gonzalezmichael@example.org,2025-09-05,Belgium
1388,Brandon Wood,wesley09@example.com,2023-01-26,France
1389,John Williams,joshua09@example.org,2023-02-25,Netherlands
1390,Yolanda Chen,vthompson@example.net,2025-08-22,Canada
1391,Amanda Johnson,janicethompson@example.org,2025-04-20,Germany
1392,Barbara Ramos,edwardsmichaela@example.com,2023-04-20,Belgium
1393,Lucas Smith,rachael29@example.net,2025-12-31,UK
1394,Teresa Powell,brownmandy@example.net,2025-11-19,UK
1395,Christopher Williams,haleyortiz@example.net,2023-06-30,France
1396,April Hill,david79@example.net,2025-04-16,France
1397,Anita Hardin,jessicalopez@example.net,2023-04-24,Netherlands
1398,Christopher Smith,steven34@example.net,2024-12-06,Belgium
1399,Cheryl Campos,lancegray@example.com,2024-12-23,Germany
1400,Ethan Perez,joshuagonzalez@example.com,2023-08-02,Germany
1401,Brandon Kelly,michael87@example.net,2023-10-30,Canada
1402,Travis Richards,amandaclark@example.net,2025-02-10,Sweden
1403,Melanie Roberts,holly88@example.net,2024-05-09,UK
1404,Raymond Scott,hgreen@example.net,2025-06-07,Canada
1405,Charles Willis,anne90@example.com,2025-01-09,France
1406,Sheila Smith,valvarez@example.net,2025-02-25,UK
1407,Hunter Martin,karengonzales@example.net,2025-10-04,Italy
1408,Jessica Ross,johnnybrooks@example.com,2024-06-02,Netherlands
1409,Andrew Hickman,kathrynsantana@example.net,2024-07-01,UK
1410,Derrick Ray,martingarrett@example.com,2023-05-18,Canada
1411,Terri Gonzalez,davidcook@example.org,2025-09-16,Spain
1412,Ralph Solis,dfoster@example.org,2025-12-17,France
1413,Christopher Parker,joelharris@example.org,2025-01-10,UK
1414,Justin Rowe,woodsmelvin@example.com,2025-03-22,Germany
1415,Daniel Kennedy,tguerra@example.org,2024-09-13,Netherlands
1416,Carl Hines,ricardomurphy@example.com,2025-05-04,Germany
1417,Jessica Long,reedelizabeth@example.net,2025-07-05,Canada
1418,Cassandra Young,matthew09@example.net,2023-02-18,Spain
1419,Maria Taylor,bradleyturner@example.org,2025-04-22,France
1420,Jessica Mitchell,eleonard@example.org,2024-01-26,Italy
1421,Cassie Sanders,marshallchristopher@example.net,2023-11-01,UK
1422,Jennifer Roman,luisandrews@example.com,2025-04-01,UK
1423,Matthew Santiago,twise@example.com,2025-02-09,Canada
1424,Lindsey Lang,xshaw@example.com,2023-10-30,Canada
1425,Valerie Rodriguez,tinaschmidt@example.com,2025-03-09,Spain
1426,Adam Vaughan,james97@example.com,2025-08-29,Netherlands
1427,Bryan Burns,brendan95@example.com,2023-03-14,Netherlands
1428,Pamela Johnson,guy56@example.org,2024-04-30,Belgium
1429,Andrew Rodriguez,schmidtrandy@example.org,2024-05-23,Sweden
1430,Nicholas Schultz,worozco@example.com,2023-04-22,Sweden
1431,Roger Conley,uwilliams@example.com,2025-02-12,Netherlands
1432,Misty Burnett,reyestina@example.org,2023-03-02,France
1433,Elizabeth Morales,stephaniescott@example.net,2024-01-24,Netherlands
1434,Thomas Sanford,ashleycooley@example.net,2025-04-12,Germany
1435,Dana Lindsey,ashley36@example.com,2024-08-04,Netherlands
1436,Destiny Powers,rbrowning@example.com,2025-04-16,Germany
1437,Albert Perry,joshuaford@example.net,2023-11-14,Canada
1438,Albert Nguyen,carrjessica@example.net,2024-01-03,Sweden
1439,Madison Murphy,jalvarez@example.org,2025-07-13,Belgium
1440,Rodney Hernandez,sclark@example.org,2024-01-30,Belgium
1441,Andrew Phelps,welchanna@example.com,2025-01-25,Spain
1442,Kendra Torres,shannon70@example.org,2023-04-20,Netherlands
1443,Guy Reynolds,potterjustin@example.net,2024-12-04,Germany
1444,Thomas Anderson,davisjeffery@example.org,2024-07-10,Spain
1445,Christopher Waters,wpierce@example.org,2024-10-05,Netherlands
1446,Emma Cox,beckgloria@example.net,2024-04-21,Belgium
1447,Joseph Myers,dsimpson@example.com,2025-05-03,Sweden
1448,Thomas Thompson,aaron57@example.net,2025-07-12,Spain
1449,Janet Delgado,ojenkins@example.org,2023-07-27,Germany
1450,Manuel Duarte,udougherty@example.net,2024-11-27,Belgium
1451,Kaitlyn Davis,andrew96@example.net,2023-10-20,Canada
1452,Thomas Ellis,gregorygiles@example.org,2024-08-01,Sweden
1453,Steven Clark,rstevens@example.net,2024-01-08,Netherlands
1454,Christopher Murray,laramary@example.org,2024-05-19,Spain
1455,Andrea Goodman,ecamacho@example.com,2023-10-15,Canada
1456,David Baldwin,baldwincatherine@example.net,2023-04-07,Germany
1457,Ronald Brown,uclayton@example.org,2025-03-12,Sweden
1458,Kayla Banks,gcobb@example.org,2024-02-21,Canada
1459,Lauren Moody,michaeldouglas@example.org,2025-08-04,Netherlands
1460,Christine Davis,ellisjenna@example.org,2025-10-15,France
1461,Michael Rivera,klyons@example.com,2025-04-27,Netherlands
1462,Brittany Roberts,nicoleelliott@example.net,2024-10-31,Belgium
1463,Brooke Walters,rmarquez@example.com,2023-12-04,Spain
1464,Betty Lawson,oscott@example.org,2023-07-08,Italy
1465,Brittany Smith,jennifer86@example.com,2025-08-08,Netherlands
1466,Gregory Moore,alexandra67@example.net,2024-11-27,UK
1467,Casey Prince,barnettcalvin@example.org,2023-07-24,Italy
1468,Donald Strickland,santosmichael@example.com,2023-12-24,Italy
1469,Alexandria Francis,judithcox@example.org,2024-10-04,Spain
1470,Gary Jones,wallerbrian@example.net,2024-03-31,Spain
1471,Robert White,jeremylove@example.org,2024-08-14,Germany
1472,Kristen Davis,jessicalowery@example.org,2023-03-05,Belgium
1473,Darren Willis,imarshall@example.org,2024-08-14,Germany
1474,Christina Wilson,alvarezcory@example.net,2024-01-04,Canada
1475,Mr. Kevin Callahan,cortezscott@example.net,2023-09-12,Canada
1476,Lisa Bryant,kingrichard@example.com,2023-08-21,Canada
1477,Jordan Palmer,joseph83@example.com,2024-07-12,France
1478,Ellen Alexander,tonyflores@example.net,2023-11-17,Netherlands
1479,Austin Reynolds,cody75@example.net,2024-06-18,Spain
1480,Cheryl Rodriguez,jasonshaw@example.com,2025-02-10,Sweden
1481,Michael Pennington,ashleymoore@example.org,2025-05-08,Spain
1482,Christopher Moore,markblack@example.com,2023-08-18,Spain
1483,Penny Adams,thomas45@example.org,2025-01-04,Spain
1484,Sandra Stewart,ronald66@example.org,2023-12-21,Spain
1485,Wayne Gomez,theresawang@example.org,2025-05-03,UK
1486,Matthew Scott,andrew66@example.com,2025-07-04,France
1487,Rebecca Williamson,ggates@example.org,2024-09-22,Sweden
1488,John Griffith,ccrane@example.net,2023-10-13,Netherlands
1489,Michelle Wright,dbrown@example.net,2024-03-22,Italy
1490,Jessica Mitchell,vtaylor@example.org,2024-01-30,UK
1491,Jennifer Hernandez,brittanyandrews@example.net,2024-01-10,Belgium
1492,Kenneth Farmer,angela40@example.org,2023-04-26,UK
1493,Richard Dawson,susan57@example.net,2025-05-14,Italy
1494,John Murray,james44@example.net,2025-09-14,Canada
1495,Bryan Jenkins,zshaffer@example.org,2025-04-17,Italy
1496,William Brooks,gforbes@example.com,2025-07-18,Belgium
1497,Kenneth Walters DDS,mccannkimberly@example.net,2025-06-03,UK
1498,Sarah Berry,mbishop@example.org,2023-07-12,Italy
1499,Donald Hayes,debrajones@example.net,2025-05-08,Netherlands
1500,Richard Stevenson,zpreston@example.net,2024-10-10,UK
